fips,total_pop_2000,white_2000,black_2000,asian_2000,latino_2000
1001,43671,34760,7450,265,394
1003,140415,120916,14134,535,2341
1005,29038,14788,13399,30,509
1007,20826,15867,4602,12,181
1009,51024,47135,555,114,2629
1011,11714,2795,8443,10,359
1013,21399,12421,8754,52,118
1015,112249,87679,20379,665,1912
1017,36583,22112,13955,10,274
1019,23988,22229,1273,34,232
1021,39593,33867,4160,58,1016
1023,15922,8698,6938,12,144
1025,27867,15584,11888,88,173
1027,14254,11588,2299,4,207
1029,14123,13217,513,0,160
1031,43615,33109,8077,356,1131
1033,54984,44558,9231,124,539
1035,14089,7772,6165,18,66
1037,12202,7768,4286,0,44
1039,37631,32198,4521,52,382
1041,13665,10020,3465,0,107
1043,77483,73763,772,185,1576
1045,49129,35744,9994,496,1594
1047,46365,16376,29274,117,231
1049,64452,58485,1027,106,3449
1051,65874,50383,13573,224,745
1053,38440,24538,11665,110,405
1055,103459,85000,14645,354,1651
1057,18495,16001,2225,72,96
1059,31223,27316,1292,65,2238
1061,25764,22203,2935,30,319
1063,9974,1853,8035,5,56
1065,17185,6796,10124,11,127
1067,16310,10716,5173,0,312
1069,88787,64683,21530,500,982
1071,53926,49216,2113,99,619
1073,662047,379986,258307,5770,10486
1075,15904,13768,1839,38,131
1077,87966,77119,8729,290,819
1079,34803,26899,4592,55,230
1081,115092,84196,25577,1823,1944
1083,65676,54160,8808,308,1452
1085,13473,3476,9844,0,109
1087,24105,3303,20301,150,164
1089,276700,196392,61831,4698,5486
1091,22539,10570,11582,0,203
1093,31214,29444,1076,119,350
1095,82231,75675,942,240,4181
1097,399843,249878,133050,5222,4414
1099,24324,13926,9775,51,107
1101,223510,108028,108449,1751,2477
1103,111064,92338,12236,571,3621
1105,11861,3639,7968,9,149
1107,20949,11759,8965,20,82
1109,29605,17812,10803,191,303
1111,22380,16940,4709,45,403
1113,49756,27689,20031,282,736
1115,64742,57996,5489,100,424
1117,143293,127048,10702,997,2882
1119,14798,3808,10729,20,174
1121,80321,53365,25359,264,597
1123,41475,30388,10567,45,162
1125,164875,111273,47774,1533,2062
1127,70713,64690,4439,130,668
1129,18097,11697,4936,43,88
1131,13183,3602,9513,10,27
1133,24843,24021,80,56,378
2013,2697,518,31,711,334
2016,5465,2059,122,1381,582
2020,260283,181919,14498,14068,14738
2050,16006,1935,124,178,172
2060,1258,659,13,7,12
2068,1893,1606,24,28,56
2070,4922,1035,6,33,107
2090,82840,63018,4838,1957,3486
2100,2392,1950,5,18,31
2110,30711,22501,235,1396,972
2122,49691,42290,184,439,1051
2130,14070,10250,60,755,312
2150,13913,7950,89,2358,849
2164,1823,347,0,8,20
2170,59322,51135,562,385,1476
2180,9196,1738,34,53,122
2185,7385,1239,58,442,169
2188,7208,874,22,61,70
2201,6146,3196,16,17,115
2220,8835,5876,31,352,289
2232,3436,1973,8,7,136
2240,6174,4817,116,34,179
2261,10195,7596,30,369,283
2270,7028,343,7,3,29
2280,6684,4843,4,122,106
2282,808,398,2,11,6
2290,6551,1595,5,6,63
4001,69423,12126,144,130,2912
4003,117755,70626,4852,1913,36193
4005,116320,67088,1301,882,12692
4007,51335,35422,117,185,8450
4009,33489,18470,672,180,8990
4011,8547,4558,31,4,3702
4012,19715,12561,142,73,4426
4013,3072149,2033420,106204,64757,763333
4015,155032,130287,753,842,16999
4017,97470,41120,839,156,7808
4019,843746,517982,23047,16375,247861
4021,179727,105665,4684,928,53782
4023,38381,6626,44,296,31041
4025,167517,144984,421,843,16300
4027,160026,71130,2932,1292,80828
5001,20749,15550,4897,55,75
5003,24209,16631,6389,71,781
5005,38386,37285,9,149,409
5007,153406,132967,718,1483,13214
5009,33948,32838,33,40,430
5011,12600,7865,3610,5,1026
5013,5744,4232,1382,0,71
5015,25357,22204,16,34,2623
5017,14117,5994,7548,95,395
5019,23546,17337,5266,102,523
5021,17609,17252,9,27,92
5023,24046,23414,66,40,311
5025,8571,7232,1115,48,115
5027,25603,15758,9335,29,231
5029,20336,16886,2659,44,413
5031,82148,72604,6352,517,1520
5033,53247,48425,404,620,1650
5035,50866,25639,23604,233,825
5037,19526,14505,4567,50,290
5039,9210,5215,3804,0,163
5041,15341,7634,7062,121,350
5043,18723,13096,4985,46,413
5045,86014,75068,7227,511,1597
5047,17771,16749,161,95,283
5049,11642,11365,8,18,53
5051,88068,76869,6921,296,2082
5053,16464,15697,382,25,140
5055,37331,36110,115,28,337
5057,23587,14071,6965,98,1968
5059,30353,26320,2926,41,506
5061,14300,10250,3141,53,652
5063,34233,32276,747,235,371
5065,13249,12680,186,18,108
5067,18418,14753,3255,39,160
5069,84278,40415,41554,410,878
5071,22781,20541,287,37,1446
5073,8559,5257,3124,26,79
5075,17774,17274,95,46,78
5077,12580,5067,6991,3,455
5079,14492,9366,4713,31,273
5081,13628,9993,2786,50,259
5083,22486,21464,292,57,189
5085,52828,47577,3456,217,791
5087,14243,13433,17,17,400
5089,16140,15623,5,60,87
5091,40443,29674,9076,177,611
5093,51979,33164,17048,81,1096
5095,10254,6017,4039,2,102
5097,9245,8820,0,15,267
5099,9955,6640,3069,0,163
5101,8608,8258,12,11,91
5103,28790,17131,11063,71,286
5105,10209,9637,149,34,158
5107,26445,10226,15487,184,336
5109,11303,10381,430,38,357
5111,25614,23078,1793,23,380
5113,20229,18854,14,48,679
5115,54469,50605,1230,292,1131
5117,9539,8054,1217,12,190
5119,361474,227495,114581,4283,8936
5121,18195,17553,102,11,118
5123,29329,13216,14344,113,1443
5125,83529,78835,1911,454,939
5127,10996,9970,20,46,589
5129,8261,8023,3,30,49
5131,115071,92077,7023,3581,7455
5133,15757,11429,811,10,3039
5135,17119,16499,56,28,145
5137,11499,11156,11,6,123
5139,45629,29933,14519,179,515
5141,16192,15492,25,44,215
5143,157715,133340,3295,2599,13109
5145,67165,62154,2642,196,1168
5147,8741,5932,2667,4,53
5149,21139,17641,164,148,2721
6001,1443741,589243,208559,291493,273887
6003,1208,870,0,2,76
6005,35100,28935,1185,303,3104
6007,203171,162142,2506,6500,21377
6009,40554,35528,161,282,2732
6011,18804,8939,65,266,8831
6013,948816,547837,85496,102065,168059
6015,27507,19272,1154,602,3708
6017,156299,132617,947,3010,14418
6019,799407,316488,39659,62579,352205
6021,26453,16397,160,848,7785
6023,126518,103584,914,1805,7750
6025,142361,28489,4882,2578,103086
6027,17945,13300,14,222,2247
6029,661645,326523,37040,20950,254059
6031,129461,53689,10183,3701,56487
6033,58309,47015,1202,529,6474
6035,33828,23935,2952,132,4557
6037,9519338,2946145,891194,1123964,4243487
6039,123109,57641,4552,1481,54483
6041,247289,194008,7009,10856,27441
6043,17130,14483,103,109,1282
6045,86265,64482,521,816,14001
6047,210554,84807,7299,14209,95610
6049,9449,7608,39,33,989
6051,12853,9801,36,153,2248
6053,401762,161630,14089,23412,188388
6055,124279,85597,1509,3903,29348
6057,92033,82925,197,575,5177
6059,2846289,1455470,40153,383977,876451
6061,248399,207124,1872,7171,23796
6063,20824,18493,148,101,1095
6065,1545387,787318,92186,53231,559328
6067,1223499,705922,116166,132908,195613
6069,53234,24338,502,1014,25580
6071,1709434,749224,147488,77205,669902
6073,2813833,1544484,152308,245309,750991
6075,776733,338886,57819,238597,109565
6077,563598,265960,35321,63201,172027
6079,246681,187597,4273,6726,40114
6081,707161,351542,23312,140850,154392
6083,399347,226841,8272,14936,136737
6085,1682585,741000,42454,427130,404012
6087,255602,167347,2302,8118,68572
6089,163256,141087,653,3182,8827
6091,3555,3180,9,11,216
6093,44301,37052,546,598,3203
6095,394542,193819,56055,49047,69606
6097,458614,340842,6140,13829,79624
6099,446997,254650,9957,17870,141926
6101,78930,47154,1560,8708,17502
6103,56039,43972,144,377,8876
6105,13022,11231,45,49,474
6107,368021,153340,5427,11776,186913
6109,54501,46204,1241,448,4412
6111,753197,426179,12997,38521,251965
6113,168660,97551,3037,15731,43747
6115,60219,39426,1871,4543,10370
8001,363857,230332,9850,11305,102548
8003,14966,8139,82,117,6222
8005,487967,360187,35218,18410,57759
8007,9898,7920,28,15,1647
8009,4517,4097,0,11,304
8011,5998,3746,207,69,1809
8013,291288,243414,2163,8927,30368
8015,16242,14136,256,61,1351
8017,2231,2032,0,4,180
8019,9322,8795,16,48,245
8021,8400,3266,11,6,4965
8023,3663,1027,10,41,2469
8025,5518,3674,379,66,1247
8027,3503,3308,25,0,100
8029,27834,23946,133,55,3083
8031,554636,287857,59145,14858,176063
8033,1844,1662,0,4,70
8035,175766,157697,1797,4256,8438
8037,41659,30883,38,325,9714
8039,19872,18543,34,44,774
8041,516929,393713,30940,12929,58419
8043,46145,37421,2470,158,4711
8045,43791,35519,74,103,7375
8047,4757,4375,47,28,186
8049,12442,11546,14,56,607
8051,13956,12932,71,34,641
8053,790,756,0,2,9
8055,7862,4534,204,24,2774
8057,1577,1434,0,2,110
8059,527056,447187,3855,11605,52511
8061,1622,1521,5,0,51
8063,8011,6671,147,11,1080
8065,7812,4812,0,30,2833
8067,43941,36190,118,218,4519
8069,251494,220432,1534,3523,20631
8071,15207,8385,17,60,6348
8073,6087,5088,305,35,531
8075,20504,17384,330,58,2396
8077,116255,101015,474,419,11629
8079,831,787,0,0,10
8081,13184,11645,40,37,1223
8083,23830,18454,11,12,2233
8085,33432,27464,142,136,4998
8087,27171,18362,32,46,8511
8089,20311,12003,74,139,7699
8091,3742,3524,3,13,121
8093,14523,13467,126,51,573
8095,4480,3872,14,8,531
8097,14872,13433,64,187,934
8099,14483,9403,41,43,4803
8101,141472,81404,2163,730,53804
8103,5986,5542,0,27,296
8105,12413,6997,7,54,5183
8107,19690,18732,19,108,611
8109,5917,3042,2,34,2697
8111,558,509,0,2,31
8113,6594,5979,19,89,391
8115,2747,2398,2,13,300
8117,23548,20276,203,178,2306
8119,20555,19097,118,60,705
8121,4926,4603,2,13,281
8123,180936,126484,846,1490,48898
8125,9841,8466,7,0,1243
9001,882567,644541,84920,28362,104210
9003,857183,625655,93945,20909,98469
9005,182193,172230,1785,2263,3901
9007,155071,138950,6488,2249,4560
9009,824008,616338,88667,19436,82722
9011,259088,219195,12111,4758,13531
9013,136364,124053,3166,3116,4114
9015,109091,96563,1906,673,7440
10001,126697,91515,25242,2035,4278
10003,500265,353821,98672,13153,26307
10005,156638,123020,23210,782,6736
11001,572059,158617,340061,14605,45015
12001,217955,151933,40741,7773,12333
12003,22259,18310,2887,54,477
12005,148217,122663,15720,2301,3534
12007,26088,19582,5515,100,489
12009,476230,398332,37776,7024,21902
12011,1623018,940692,322516,36148,271523
12013,13017,10013,2136,86,454
12015,141627,128021,6145,841,4585
12017,118085,109691,2650,1131,3058
12019,140814,119296,9055,2849,6181
12021,251377,185063,11190,1195,49252
12023,56513,44075,9608,365,1493
12027,32209,19677,3759,140,8078
12029,13827,12211,1124,52,247
12031,778879,495011,214353,20387,31809
12033,294410,208348,62295,6450,7816
12035,49832,41625,4028,622,2552
12037,11057,8817,1787,48,267
12039,45087,16178,25759,140,2773
12041,14437,12829,975,0,354
12043,10576,7249,1052,60,1589
12045,13332,10494,2181,57,282
12047,13327,7318,4861,7,926
12049,26938,14841,2111,44,9702
12051,36210,16043,5086,224,14259
12053,130802,116552,5006,773,6717
12055,87366,66849,7911,904,10462
12057,998948,632304,142831,21199,179637
12059,18564,16615,1154,120,234
12061,112947,94318,8799,864,7300
12063,46755,32119,12359,201,1136
12065,12902,7481,4964,54,242
12067,7022,5295,1015,2,623
12069,210528,177267,16746,1388,11836
12071,440888,361259,27822,3085,41993
12073,239452,153618,68829,4832,8220
12075,34450,28649,3678,118,1406
12077,7021,5224,1186,28,282
12079,18733,10441,7530,36,541
12081,264002,212481,21081,2198,24501
12083,258916,208175,28937,2203,15535
12085,126731,108599,6554,701,9490
12086,2253362,465894,423656,29736,1291681
12087,79589,61527,3581,531,12500
12089,57663,51276,4163,422,1047
12091,170498,138101,14910,4367,6901
12093,35910,25643,2591,311,6727
12095,896344,516024,155912,28338,168191
12097,172493,103187,11149,3564,50742
12099,1131184,798753,152674,16819,140568
12101,344765,309809,6502,3428,19555
12103,921482,762823,81161,18603,42128
12105,483924,361079,62743,5733,45650
12107,70423,53101,11702,283,4125
12109,123135,109546,7381,1244,3596
12111,192695,142949,28412,1870,16004
12113,117743,105016,4703,1595,2821
12115,325957,292123,13390,2598,14373
12117,365196,274799,32972,8565,40656
12119,53345,41768,7292,245,3263
12121,34844,28204,4031,102,1812
12123,19256,14897,3540,65,441
12125,13442,9636,2992,41,446
12127,443343,363298,39352,4737,29273
12129,22863,19410,2652,182,305
12131,40601,35193,2753,186,908
12133,20973,16844,2775,163,511
13001,17419,13084,3318,90,813
13003,7609,4745,1483,35,1324
13005,10103,8044,1663,68,243
13007,4074,1881,2015,9,108
13009,44700,23995,19258,507,638
13011,14422,13200,511,19,440
13013,46144,38600,4713,1037,1163
13015,76019,65693,6316,616,2460
13017,17484,10863,5674,36,756
13019,16235,13732,1871,53,327
13021,153887,76278,72675,1579,1635
13023,11666,8456,2811,47,179
13025,14629,13688,466,40,170
13027,16450,9377,6380,40,463
13029,23417,19140,3181,316,422
13031,55983,38013,15735,587,1110
13033,22243,10405,11415,16,291
13035,19522,13358,5678,59,175
13037,6320,2393,3834,1,57
13039,43664,31863,8703,444,1768
13043,9577,6002,2614,0,905
13045,87268,69136,13986,471,2400
13047,53282,50883,736,404,709
13049,10282,7035,2957,84,10
13051,232048,125717,93874,4019,5041
13053,14882,8186,4278,268,1576
13055,25470,21816,2756,87,602
13057,141903,127488,3163,1422,7902
13059,101489,62893,27817,3218,6170
13061,3357,1287,2011,12,12
13063,236517,82842,120332,10308,17625
13065,6878,4687,2011,30,42
13067,607751,417925,111709,18287,46944
13069,37413,24738,9655,215,2565
13071,42053,27329,9905,29,4578
13073,89288,72608,9829,2878,2253
13075,15771,10485,4606,55,417
13077,89215,68913,16078,584,2682
13079,12495,9065,3196,5,107
13081,21996,11798,9391,207,477
13083,15154,14699,73,49,165
13085,15999,15523,12,26,87
13087,28240,15795,11240,58,871
13089,665865,215308,357878,26205,51587
13091,19171,13125,5576,96,238
13093,11525,5178,5935,47,327
13095,96065,35730,57828,696,1079
13097,92174,69880,16722,897,2628
13099,12354,6193,5961,11,176
13101,3754,2670,278,29,769
13103,37535,31463,4669,329,378
13105,20511,13487,6317,69,546
13107,21837,13699,7179,51,732
13109,10495,6318,3432,67,630
13111,19798,19189,10,86,161
13113,91263,74832,10864,1976,2281
13115,90565,71572,11853,1194,4965
13117,98407,90808,325,756,5370
13119,20285,17948,1999,37,115
13121,816006,370049,359788,23683,47735
13123,23456,21386,42,75,1713
13125,2556,2304,220,0,13
13127,67568,46621,17380,553,2053
13129,44104,38596,1518,199,3283
13131,23659,14953,7128,27,1212
13133,14406,7510,6420,56,359
13135,588448,394889,76675,40749,63574
13137,35902,30434,1527,801,2730
13139,139277,98988,9786,1769,27318
13141,10076,2140,7780,0,36
13143,25690,23799,1324,29,161
13145,23695,18370,4764,159,148
13147,22997,18042,4478,135,247
13149,11012,9557,1190,48,64
13151,119341,95541,17315,2054,2611
13153,110765,76337,26810,1741,3553
13155,9931,7131,2490,30,222
13157,41589,36474,3108,314,1231
13159,11426,7975,3141,95,150
13161,12684,10019,1885,87,608
13163,17266,7255,9781,23,121
13165,8575,4795,3399,0,258
13167,8560,5319,3124,32,65
13169,23639,17595,5499,115,200
13171,15912,10759,4649,33,220
13173,7241,5100,1813,6,186
13175,44874,28237,15431,252,507
13177,24757,20204,3589,127,518
13179,61610,27319,25815,929,5010
13181,8348,5338,2867,11,83
13183,10304,6649,2424,62,864
13185,92115,55901,31396,835,2567
13187,21016,19418,251,94,675
13189,21231,12719,8053,61,152
13191,10847,6623,3973,31,43
13193,14074,5257,8279,37,335
13195,25730,22624,2144,147,512
13197,7144,4168,2405,18,428
13199,22534,12537,9538,7,124
13201,6383,4442,1902,26,8
13205,23932,11720,11498,51,558
13207,21757,15170,6188,60,214
13209,8270,5744,2271,43,155
13211,15457,10560,4528,61,141
13213,36506,33865,152,56,2064
13215,186291,90547,79938,2957,8459
13217,62001,46021,13774,427,1086
13219,26225,23055,1535,460,937
13221,12635,9889,2551,11,116
13223,81678,73063,5862,403,1207
13225,23668,11590,10703,110,1023
13227,22983,21931,367,35,368
13229,15636,13458,1708,0,389
13231,13688,11337,2051,42,125
13233,38127,29745,5214,123,2767
13235,9588,5908,3208,42,335
13237,18812,12515,5655,47,421
13239,2598,1362,1195,0,12
13241,15050,13996,146,55,684
13243,7791,3035,4693,0,60
13245,199775,88675,98069,2952,5637
13247,70111,50852,12846,1140,4407
13249,3766,2469,1169,0,102
13251,15374,8158,6827,39,214
13253,9369,5713,3276,5,340
13255,58417,38270,17961,418,968
13257,25435,21628,2960,124,242
13259,5252,1916,3249,42,23
13261,33200,15655,16234,188,853
13263,6498,2345,3965,0,35
13265,2077,794,1241,0,5
13267,22305,13251,6861,28,1905
13269,8815,4833,3815,8,86
13271,11794,7007,4507,10,230
13273,10970,4109,6600,87,117
13275,42737,24868,16611,199,620
13277,38407,24161,10543,325,3051
13279,26067,17225,6150,113,2358
13281,9319,9057,8,77,146
13283,6854,4442,2234,58,77
13285,58779,38244,18545,401,1029
13287,9504,5292,3868,46,255
13289,10590,5701,4525,73,74
13291,17289,16864,116,31,96
13293,27597,19299,7325,189,431
13295,61053,57261,2328,256,451
13297,60687,49909,8615,467,1052
13299,35483,24444,9729,79,898
13301,6336,2494,3718,7,36
13303,21176,9662,11214,8,116
13305,26565,19857,5365,119,929
13307,2390,1180,1103,0,105
13309,6179,3847,2124,6,173
13311,19944,18788,398,59,307
13313,83525,60559,2985,864,18342
13315,8577,5279,3174,12,91
13317,10687,5783,4633,9,137
13319,10220,5843,4086,15,145
13321,21967,15050,6556,55,211
15001,148677,43845,683,38525,14055
15003,876156,175331,18886,397518,58731
15005,147,14,0,30,0
15007,58463,16173,147,20368,4920
15009,128094,40828,366,37970,9876
16001,300904,272487,1797,4691,13498
16003,3476,3295,2,5,61
16005,75565,67720,420,765,3560
16007,6411,6178,5,2,187
16009,9171,8055,16,11,143
16011,41735,32918,26,252,5493
16013,18991,16486,16,211,1998
16015,6670,6259,9,14,201
16017,36835,35125,53,144,694
16019,82522,74621,462,478,5626
16021,9871,9220,4,66,278
16023,2899,2620,9,8,215
16025,991,957,2,0,18
16027,131441,102016,329,1058,24503
16029,7304,6952,10,1,243
16031,21416,17029,9,92,4007
16033,1022,640,2,0,364
16035,8930,8339,7,51,158
16037,4342,4096,0,0,195
16039,29130,23273,901,449,3483
16041,11329,10585,1,7,590
16043,11819,10275,12,25,1303
16045,15181,13676,0,59,1070
16047,14155,11400,3,23,2422
16049,15511,14492,0,40,216
16051,19155,16932,34,5,1920
16053,18342,14695,11,69,3159
16055,108685,102180,255,570,2485
16057,34935,32298,119,711,778
16059,7806,7482,3,8,160
16061,3747,3414,9,8,92
16063,4044,3356,4,14,550
16065,27467,25939,60,173,947
16067,20174,14566,31,51,5197
16069,37410,34026,114,307,652
16071,4125,3963,5,8,130
16073,10644,7593,6,64,2447
16075,20578,17400,4,136,2438
16077,7538,5615,0,7,1607
16079,13771,13141,13,31,183
16081,5999,5217,6,12,700
16083,64284,56348,38,384,6130
16085,7651,7345,0,24,124
16087,9977,8236,8,108,1369
17001,68277,64618,2012,190,617
17003,9590,5961,3327,44,144
17005,17633,15842,1300,16,259
17007,41786,35564,170,114,5287
17009,6950,5417,1236,10,263
17011,35503,33171,65,190,1690
17013,5084,5002,0,9,35
17015,16674,16047,88,55,297
17017,13695,12326,18,51,1207
17019,179669,139527,19965,11559,4933
17021,35372,33880,786,204,269
17023,17008,16774,20,22,31
17025,14560,14373,0,72,76
17027,35535,33245,1437,92,561
17029,53196,50350,1324,364,654
17031,5376741,2557658,1384781,259286,1071241
17033,20452,18826,915,60,416
17035,11253,11087,23,17,65
17037,88969,75874,3890,2051,5652
17039,16798,16351,40,44,203
17041,19922,18921,25,72,746
17043,904161,711651,26371,71024,81055
17045,19704,19145,254,12,138
17047,6971,6846,7,40,16
17049,34264,33593,53,129,313
17051,21802,20398,1105,19,179
17053,14241,13862,81,54,166
17055,39018,38188,51,40,367
17057,38250,36146,1391,46,447
17059,6445,6277,13,11,80
17061,14761,14450,111,10,70
17063,37535,35255,57,98,1812
17065,8621,8409,17,19,27
17067,20121,19869,22,22,63
17069,4800,4532,135,31,64
17071,8213,8024,44,9,46
17073,51020,48385,497,117,1386
17075,31334,29583,290,112,1043
17077,59612,47525,7354,1923,1360
17079,10117,10034,0,10,7
17081,40045,35579,3195,101,585
17083,21668,21122,144,104,82
17085,22289,21845,23,14,245
17087,12878,10679,1789,15,280
17089,404119,273069,22488,6778,95965
17091,103833,80835,15681,730,4949
17093,54544,48289,579,671,4082
17095,55836,49269,3487,448,1903
17097,644356,472991,42521,25004,93075
17099,111509,102385,1877,499,5780
17101,15452,15104,142,15,96
17103,36062,32551,1763,260,1128
17105,39678,36069,2032,60,1092
17107,31183,28380,1906,196,496
17109,32913,30449,1040,598,543
17111,260077,233278,1357,3402,19585
17113,150433,132511,8905,3100,3597
17115,114706,95202,15813,745,1083
17117,49019,47855,323,131,387
17119,258941,230991,18521,1251,4296
17121,41691,39118,1591,201,380
17123,13180,12883,65,35,112
17125,16038,15733,56,28,44
17127,15161,13970,773,52,174
17129,12486,12194,66,19,96
17131,16957,16636,61,47,124
17133,27619,27222,6,85,148
17135,30652,28988,1141,40,340
17137,36616,33639,1936,163,456
17139,14287,14034,36,29,89
17141,51032,47086,112,181,3131
17143,183433,143993,28982,3100,3801
17145,23094,20616,1841,67,362
17147,16365,15983,59,64,120
17149,17384,16885,241,68,106
17151,4413,4104,176,2,31
17153,7348,4840,2215,79,108
17155,6086,5793,37,8,203
17157,33893,29877,3245,114,417
17159,16149,15847,19,44,117
17161,149374,121690,10467,1456,13044
17163,256082,171297,72875,2226,5537
17165,26733,25104,1085,45,183
17167,188951,164500,17739,1980,1630
17169,7189,7084,12,12,48
17171,5537,5492,3,4,12
17173,22893,22617,33,72,80
17175,6332,6177,5,14,76
17177,48979,43413,3733,184,712
17179,128485,124357,1181,566,1225
17181,18293,17365,121,84,497
17183,83919,70942,8676,512,2507
17185,12937,12609,34,38,97
17187,18735,17681,265,83,527
17189,15148,14895,15,17,64
17191,17151,16769,23,117,142
17193,15371,15076,44,12,33
17195,60653,53728,568,225,5405
17197,502266,388386,51398,11116,44138
17199,61296,57910,1547,164,943
17201,278418,220718,29113,4393,19029
17203,35469,34718,110,122,319
18001,33625,32269,40,57,1071
18003,331849,270235,36771,4418,13824
18005,71435,66379,1302,1152,1704
18007,9421,8978,12,8,280
18009,14048,13709,1,25,153
18011,46107,44899,97,218,466
18013,14957,14514,57,41,88
18015,20165,19389,26,12,677
18017,40930,37041,373,240,2838
18019,96472,86313,6072,428,1790
18021,26556,26014,91,49,139
18023,33866,31141,52,37,2448
18025,10743,10606,14,23,28
18027,29820,28805,106,88,606
18029,46109,45060,314,79,176
18031,24555,23904,17,314,135
18033,40285,39130,75,164,512
18035,118769,107158,7633,752,1546
18037,39674,38422,21,33,995
18039,182791,152389,9167,1591,16195
18041,25588,24877,318,53,159
18043,70823,65651,3218,356,685
18045,17954,17653,4,48,92
18047,22151,21819,2,54,86
18049,20511,19477,173,64,465
18051,32500,31201,674,125,272
18053,73403,64679,5033,469,1699
18055,33157,32510,29,34,262
18057,182740,170750,2326,4108,3241
18059,55391,54276,27,203,304
18061,34325,33489,115,84,377
18063,104093,99616,1040,664,1073
18065,48508,47436,351,62,406
18067,84964,75565,5444,682,1761
18069,38075,37012,97,117,431
18071,41335,39386,336,321,777
18073,30043,28788,50,32,836
18075,21806,21091,34,91,423
18077,31705,30262,463,91,435
18079,27554,26594,191,76,249
18081,115209,111079,1032,941,1156
18083,39256,37577,702,238,379
18085,74057,68780,378,378,3651
18087,34909,33414,79,140,1063
18089,484564,293292,121342,3840,58798
18091,110106,93445,10846,330,3158
18093,45922,44594,235,194,312
18095,133358,118911,10378,502,1879
18097,860454,592627,206412,11460,32188
18099,45128,41652,85,136,2668
18101,10369,10258,7,2,12
18103,36082,33543,927,95,650
18105,120563,108470,3566,3912,2034
18107,37629,36261,316,50,595
18109,66689,65311,55,267,285
18111,14566,13904,26,52,420
18113,46275,42311,149,270,3220
18115,5623,5535,20,0,36
18117,19306,18838,63,7,145
18119,21786,21217,68,20,183
18121,17241,16621,313,30,99
18123,18899,18409,268,2,109
18125,12837,12582,9,59,106
18127,146798,135274,1551,1029,7053
18129,27061,26411,266,31,146
18131,13755,13215,183,21,167
18133,36019,33821,1041,231,507
18135,27401,26799,38,40,268
18137,26523,26066,8,62,166
18139,18261,17651,174,23,126
18141,265559,214495,29448,3440,12343
18143,22960,22434,64,24,183
18145,43445,42046,273,182,464
18147,20391,19890,87,33,228
18149,23556,22732,40,155,456
18151,33214,31955,153,145,589
18153,21751,20315,921,22,205
18155,9065,8932,4,33,59
18157,148955,128788,3245,6719,7752
18159,16577,16202,1,104,134
18161,7349,7239,26,27,6
18163,171922,152442,13497,1589,1688
18165,16788,16366,46,24,154
18167,105848,95153,6397,1096,1258
18169,34960,33722,96,237,305
18171,8419,8302,2,8,56
18173,52383,51157,328,265,330
18175,27223,26792,66,42,165
18177,71097,65023,3205,472,919
18179,27600,26800,43,51,420
18181,25267,23470,13,102,1345
18183,30707,30112,84,135,196
19001,8243,8132,8,13,56
19003,4482,4439,7,10,7
19005,14675,13928,19,47,542
19007,13721,13316,66,63,157
19009,6830,6747,11,27,11
19011,25308,24991,39,46,100
19013,128012,112282,9804,1316,2396
19015,26224,25696,148,28,192
19017,23325,22783,80,156,183
19019,21093,20576,58,95,205
19021,20411,16660,97,862,2555
19023,15305,15131,12,23,70
19025,11115,10854,83,16,102
19027,21421,21126,28,68,124
19029,14684,14423,30,43,113
19031,18187,17829,13,46,171
19033,46447,44078,404,327,1187
19035,13035,12793,77,50,81
19037,13095,12898,7,63,46
19039,9133,8678,0,18,314
19041,17372,16873,34,147,204
19043,18678,18349,78,35,109
19045,50149,47846,748,275,868
19047,16942,15104,143,17,1524
19049,40750,37706,376,135,2176
19051,8541,8397,8,0,65
19053,8689,8381,60,45,111
19055,18404,18144,6,39,105
19057,42351,39489,1332,233,722
19059,16424,16165,51,25,91
19061,89143,86204,717,317,1066
19063,11027,10470,27,11,480
19065,22008,21327,94,107,325
19067,16900,16560,20,48,183
19069,10704,9966,3,36,651
19071,8010,7762,2,34,141
19073,10366,10104,14,11,135
19075,12369,12192,6,36,76
19077,11353,11084,23,4,179
19079,16438,15883,9,277,164
19081,12100,11647,0,39,376
19083,18812,18158,106,67,388
19085,15666,15420,25,45,77
19087,20336,19005,305,383,329
19089,9932,9866,6,14,15
19091,10381,10082,0,46,141
19093,7837,7728,33,4,34
19095,15671,15448,16,28,111
19097,20296,20079,17,12,105
19099,37213,36036,250,157,493
19101,16181,15446,219,127,183
19103,111006,98789,3019,4378,2925
19105,20221,19355,333,57,261
19107,11400,11235,29,24,66
19109,17163,16862,32,37,151
19111,38052,35397,870,299,783
19113,191701,178584,4457,2618,2852
19115,12183,10527,19,49,1542
19117,9422,9255,15,45,48
19119,11763,11667,27,8,32
19121,14019,13744,12,52,83
19123,22335,21502,63,218,291
19125,32052,31134,208,320,227
19127,39311,34672,279,328,3481
19129,14547,14137,33,57,171
19131,10874,10848,8,0,7
19133,10020,9846,4,6,36
19135,8016,7856,18,2,30
19137,11771,11506,3,35,157
19139,41722,35725,289,278,4983
19141,15102,14650,43,42,253
19143,7003,6792,28,7,136
19145,16976,16285,228,91,232
19147,10147,9948,0,5,128
19149,24849,24342,54,63,272
19151,8662,8577,2,14,62
19153,374601,324011,17248,9132,16354
19155,87704,82747,628,548,2839
19157,18815,18136,74,195,223
19159,5469,5393,5,16,18
19161,11529,11229,33,40,94
19163,158668,137731,9434,2274,6282
19165,13173,12959,17,44,92
19167,31589,30441,92,181,664
19169,79981,72269,1475,3616,1321
19171,18103,16266,20,85,576
19173,6958,6641,0,19,251
19175,12309,12017,9,44,89
19177,7809,7729,11,14,19
19179,36051,34323,348,212,876
19181,40671,39538,95,203,461
19183,20670,19912,70,11,551
19185,6730,6603,24,25,43
19187,40235,37230,1123,394,788
19189,11723,11334,16,34,267
19191,21310,20696,145,192,170
19193,103877,87084,2024,2386,9337
19195,7909,7672,20,25,84
19197,14334,13549,17,31,654
20001,14385,13488,332,9,262
20003,8110,7879,22,11,103
20005,16774,15052,972,33,386
20007,5307,5127,20,2,83
20009,28205,25047,303,64,2343
20011,15379,14428,406,9,146
20013,10724,9208,197,36,221
20015,59482,55670,806,196,1140
20017,3030,2917,17,2,49
20019,4359,4050,0,3,60
20021,22605,20651,165,64,233
20023,3165,3064,0,5,78
20025,2390,2247,12,9,86
20027,8822,8541,20,12,92
20029,10268,10013,20,27,78
20031,8865,8467,22,66,122
20033,1967,1911,0,2,25
20035,36291,31977,847,552,1216
20037,38242,35265,582,402,977
20039,3472,3366,13,20,34
20041,19344,18331,56,47,429
20043,8249,7826,138,20,58
20045,99962,84601,4113,3319,3146
20047,3449,3027,10,15,348
20049,3261,3085,0,0,79
20051,27507,26432,96,177,570
20053,6525,5926,229,16,251
20055,40523,20935,350,1009,17553
20057,32458,18558,342,709,12251
20059,24784,23300,269,101,576
20061,27947,17226,5811,834,2400
20063,3068,2980,12,0,26
20065,2946,2787,82,15,24
20067,7909,5009,9,0,2760
20069,5904,5249,6,4,588
20071,1534,1348,3,0,174
20073,7673,7324,3,46,175
20075,2670,2070,4,4,563
20077,6536,6321,36,21,47
20079,32869,28983,431,223,2629
20081,4307,3157,4,37,1025
20083,2085,1985,10,0,60
20085,12657,11346,82,36,175
20087,18426,17764,55,10,163
20089,3791,3701,2,12,33
20091,451086,401454,10832,12512,17873
20093,4531,3231,31,10,1204
20095,8673,8386,37,5,144
20097,3278,3157,0,18,62
20099,22835,20023,1019,121,574
20101,2155,2069,1,4,29
20103,68691,56272,6882,747,2615
20105,3578,3496,8,3,30
20107,9570,9238,82,9,63
20109,3046,2955,8,4,41
20111,35935,27795,685,403,6068
20113,29554,28284,293,15,473
20115,13361,12888,74,15,224
20117,10965,10685,12,89,94
20119,4631,3997,10,11,492
20121,28351,26904,366,57,392
20123,6932,6745,54,13,54
20125,36252,30486,2085,197,1092
20127,6104,5799,29,15,175
20129,3496,2866,12,59,495
20131,10717,10489,56,8,44
20133,16997,15844,133,50,440
20135,3454,3363,0,4,47
20137,5953,5476,219,23,154
20139,16712,16202,42,42,203
20141,4452,4347,0,18,25
20143,6163,6016,20,11,44
20145,7233,6455,311,43,295
20147,6001,5880,20,20,44
20149,18209,17353,119,31,332
20151,9647,9129,73,0,361
20153,2966,2846,10,3,47
20155,64790,57752,1808,355,3556
20157,5835,5693,31,20,43
20159,10761,9879,75,45,617
20161,62843,52156,4068,1988,2989
20163,5685,5479,52,12,78
20165,3551,3499,0,4,30
20167,7370,7168,0,8,69
20169,53597,46660,1581,861,3197
20171,5120,4738,10,7,307
20173,452869,346100,40030,14102,36016
20175,22510,11142,838,435,9518
20177,169871,135843,14322,1465,12142
20179,2813,2783,0,15,10
20181,6760,6084,25,0,604
20183,4536,4435,9,19,22
20185,4789,4429,18,34,256
20187,2406,1793,8,4,563
20189,5463,4092,0,40,1202
20191,25946,24000,177,42,866
20193,8180,7917,10,43,126
20195,3319,3293,4,5,11
20197,6885,6704,23,7,83
20199,1749,1612,5,4,104
20201,6483,6387,8,0,46
20203,2531,2013,0,1,470
20205,10332,9954,38,23,82
20207,3788,3652,19,20,43
20209,157882,81462,44488,2210,25182
21001,17244,16506,499,27,103
21003,17800,17376,145,18,119
21005,19111,18334,446,118,96
21007,8286,7754,261,37,44
21009,38033,35743,1556,138,428
21011,11085,10726,164,15,118
21013,30060,28805,745,65,138
21015,85991,80814,1380,1014,1512
21017,19360,17343,1284,0,526
21019,49752,47272,1072,168,555
21021,27697,24093,2559,206,468
21023,8279,8159,67,0,7
21025,16100,15801,33,43,72
21027,18648,17821,479,22,139
21029,61236,59782,253,79,383
21031,13010,12656,57,88,176
21033,13060,12215,595,26,104
21035,34177,31706,1248,469,352
21037,88616,84944,1451,580,784
21039,5351,5230,54,0,26
21041,10155,9464,206,25,138
21043,26889,26529,50,79,114
21045,15447,14963,56,10,320
21047,72265,49440,16854,568,3324
21049,33144,30764,1695,189,203
21051,24556,22791,1148,27,298
21053,9634,9369,18,0,151
21055,9384,9223,64,20,37
21057,7147,6797,260,4,16
21059,91545,85555,3623,289,862
21061,11644,11419,85,22,41
21063,6748,6708,0,0,0
21065,15307,15161,5,18,55
21067,260512,206238,34728,5786,8677
21069,13792,13383,249,0,107
21071,42441,41211,542,74,350
21073,47687,41740,4441,239,533
21075,7752,5787,1814,0,35
21077,7870,7671,94,1,36
21079,14792,13903,475,26,233
21081,22384,21946,31,169,147
21083,37028,34085,1519,133,867
21085,24053,23524,207,9,202
21087,11518,11138,228,49,47
21089,36891,35872,231,166,280
21091,8392,8127,105,7,95
21093,94174,76097,10772,1892,2998
21095,33202,31635,715,128,240
21097,17983,17089,382,24,264
21099,17445,16129,1000,3,157
21101,44829,40499,3197,251,409
21103,15060,14021,579,65,211
21105,5262,4631,534,14,27
21107,46519,42523,2928,175,376
21109,13495,13321,0,13,55
21111,693604,530648,129282,8999,11501
21113,39041,36540,1286,389,322
21115,23445,23095,70,36,85
21117,151464,141427,5733,851,1534
21119,17649,17174,161,24,133
21121,31795,31011,308,38,113
21123,13373,12514,438,28,119
21125,52715,51259,325,139,215
21127,15569,15458,8,0,18
21129,7916,7575,283,0,21
21131,12401,12233,17,6,78
21133,25277,24853,144,78,104
21135,14092,13899,41,0,54
21137,23361,22379,523,37,259
21139,9804,9635,2,0,20
21141,26573,23879,2087,47,256
21143,8080,7408,537,38,59
21145,65514,56577,7179,172,623
21147,17080,16628,136,23,155
21149,9938,9661,42,7,153
21151,70872,65494,3012,552,639
21153,13332,13254,0,13,36
21155,18212,16154,1666,69,210
21157,30125,29416,54,107,239
21159,12578,12443,11,0,34
21161,16800,15133,1053,76,231
21163,26349,24138,1013,167,545
21165,6556,6381,68,0,55
21167,20817,19347,794,108,307
21169,10037,9673,112,0,57
21171,11756,11151,333,12,206
21173,22554,21256,828,34,197
21175,13948,13109,565,32,78
21177,31839,29904,1548,17,186
21179,37477,34701,2013,191,284
21181,6813,6641,83,0,70
21183,22916,22348,214,9,158
21185,46178,42927,1710,212,623
21187,10547,10183,97,16,85
21189,4858,4802,0,0,18
21191,14390,14152,50,7,121
21193,29390,28500,391,166,111
21195,68736,67399,289,141,400
21197,13237,13001,64,0,53
21199,56217,54405,744,284,215
21201,2266,2226,2,11,16
21203,16582,16338,14,0,84
21205,22094,21012,349,128,260
21207,16315,15967,63,57,130
21209,33061,30223,1641,188,477
21211,33337,28343,2879,86,1524
21213,16405,14392,1741,86,41
21215,11766,11395,92,1,94
21217,22927,21262,1225,20,285
21219,11971,10633,1009,5,228
21221,12597,11042,1209,39,163
21223,8125,7909,19,0,113
21225,15637,13178,1994,37,221
21227,92522,79656,7836,1091,2155
21229,10916,9809,769,34,125
21231,19923,19049,283,5,325
21233,14120,12972,718,17,295
21235,35865,35002,177,91,275
21237,7065,7013,6,28,18
21239,23208,21093,1212,60,550
22001,58861,47069,10932,124,351
22003,25440,17311,6010,145,1230
22005,76627,58460,15123,294,1940
22007,23388,15473,7330,102,288
22009,41481,28134,12235,167,328
22011,32986,27527,3933,256,554
22013,15752,8588,6923,19,116
22015,98310,71755,20232,1123,3105
22017,252161,131547,111962,1907,3518
22019,183577,133607,43197,1096,3166
22021,10560,8399,1896,34,159
22023,9991,9266,354,34,207
22025,10920,7798,2986,0,44
22027,16851,8686,7938,8,143
22029,20247,12136,7603,59,283
22031,25494,14053,10488,24,492
22033,412852,227677,163054,8699,7704
22035,9421,2925,6323,35,116
22037,21360,10973,10037,70,130
22039,35434,24763,10010,134,298
22041,21263,14170,6650,88,87
22043,18698,15934,2173,46,125
22045,73266,47109,21967,1468,1062
22047,33320,16244,16438,21,429
22049,15397,10879,4312,58,43
22051,455466,298244,103335,13720,32227
22053,31435,25118,5407,130,402
22055,190503,137867,44926,2142,3400
22057,89974,73973,11201,525,1464
22059,14282,12200,1757,32,115
22061,42509,24216,16758,561,398
22063,91814,85780,3778,263,880
22065,13728,5030,8355,28,288
22067,31021,17172,13352,94,204
22069,39080,22370,14746,237,486
22071,484674,129215,322813,10442,15032
22073,147250,93967,49475,784,1548
22075,26757,18401,6099,637,483
22077,22763,13749,8616,29,234
22079,126337,83032,38660,1090,1338
22081,9622,5518,3959,7,71
22083,20981,12685,7940,88,211
22085,23459,16683,3816,101,649
22087,67229,56900,4573,1072,3506
22089,48072,33949,11864,386,1364
22091,10525,4862,5496,8,138
22093,21216,10539,10518,26,71
22095,43044,21908,19153,296,1264
22097,87700,49095,36867,226,655
22099,48583,31761,15621,358,346
22101,53500,33053,16543,968,1448
22103,191268,162632,18194,1449,5078
22105,100588,69090,28424,263,1425
22107,6618,2848,3574,3,150
22109,104503,76392,18328,868,1674
22111,22803,15826,6394,5,414
22113,53807,44038,7567,1032,687
22115,52531,37567,8405,1032,3002
22117,43926,29357,13839,13,283
22119,41831,27253,13679,72,289
22121,21601,13414,7659,2,288
22123,12314,9749,2365,16,107
22125,15111,7255,7528,19,186
22127,16894,11157,5410,12,131
23001,103793,100004,553,522,851
23003,73938,71417,210,396,345
23005,265612,253041,2408,3313,2447
23007,29467,28797,60,116,133
23009,51791,50295,165,194,326
23011,117114,113636,410,654,651
23013,39618,38818,70,109,208
23015,33616,32989,28,125,147
23017,54755,53382,50,246,386
23019,144919,139562,655,998,830
23021,17235,16814,34,33,85
23023,35214,33855,160,208,513
23025,50888,49826,66,111,227
23027,36280,35288,66,66,184
23029,33941,31592,95,171,302
23031,186742,181329,738,943,1591
24001,74930,69214,3936,438,639
24003,489656,390556,64561,11139,13191
24005,754292,554287,148774,23607,13578
24009,74563,61946,9659,650,1033
24011,29772,24029,4415,135,816
24013,150897,143299,3507,1299,1300
24015,85951,79720,3122,564,1302
24017,120546,81072,31237,1861,2660
24019,30674,21101,8553,259,409
24021,195277,172105,12007,3296,4598
24023,29846,29539,79,33,104
24025,218590,187590,19678,3131,3965
24027,247842,179679,35035,18630,7824
24029,19197,15062,3286,100,534
24031,873341,518456,128252,97769,100309
24033,801515,195222,498074,30280,56813
24035,40563,35823,3528,181,505
24037,86211,69320,11601,1606,1706
24039,24747,13775,10100,220,274
24041,33812,27475,5099,302,717
24043,131923,117803,9979,988,1497
24045,84644,60650,19553,1746,1640
24047,46543,37467,7576,297,590
24510,651154,201881,415725,10087,11101
25001,222230,207587,3298,1369,2916
25003,134953,127054,2604,1233,2223
25005,534678,478074,9920,7249,18998
25007,14987,13393,309,85,201
25009,723419,601218,13714,17122,79629
25011,71535,67840,512,638,1227
25013,456228,339244,33718,5982,69046
25015,152251,136253,2837,4783,5123
25017,1465396,1224516,45887,91405,66436
25019,9520,8188,731,129,206
25021,650308,571701,19559,36000,11533
25023,472822,414611,20472,4418,11519
25025,689807,358445,142369,47780,107352
25027,750963,649000,18542,18813,50931
26001,11719,11365,18,24,102
26003,9862,8607,567,38,74
26005,105665,95730,1354,555,6325
26007,31314,30506,117,120,122
26009,23110,22298,46,43,219
26011,17269,16307,309,70,216
26013,8746,6846,382,27,84
26015,56755,54829,201,123,654
26017,110157,102198,1262,582,4186
26019,15998,15219,28,18,270
26021,162453,127017,25831,1640,4569
26023,45787,42194,987,230,1310
26025,137985,113765,14717,1425,4367
26027,51104,45314,2826,324,1177
26029,26090,25029,47,65,273
26031,26448,24937,42,81,210
26033,38543,28924,1989,212,630
26035,31252,30205,88,98,340
26037,64753,61241,260,358,1823
26039,14273,13622,229,87,165
26041,38520,36698,32,104,163
26043,27472,26796,59,160,143
26045,103655,91863,5102,1221,3163
26047,31437,29617,119,70,253
26049,436141,323422,87304,3106,10140
26051,26023,25276,19,39,229
26053,17370,16335,288,42,132
26055,77654,74187,355,291,924
26057,42285,38045,1596,166,1814
26059,46527,45046,243,169,525
26061,36016,34260,377,506,264
26063,36079,34920,58,94,520
26065,279320,214792,29319,9931,16004
26067,61518,56007,2715,219,1483
26069,27339,26315,124,42,214
26071,13138,12610,114,21,101
26073,63351,57335,1247,790,1498
26075,158422,138631,11936,719,3723
26077,238603,199058,21548,4269,6476
26079,16571,16075,39,30,125
26081,574335,461310,50089,10419,40018
26083,2301,2186,60,0,27
26085,11333,9525,1196,14,178
26087,87904,83307,628,175,2538
26089,21119,19498,21,69,570
26091,98890,88303,2007,523,6797
26093,156951,150876,779,1059,1802
26095,7024,5757,551,5,89
26097,11943,9474,6,27,71
26099,788149,720462,20165,17314,12510
26101,24527,22737,340,66,692
26103,64634,61313,771,306,450
26105,28274,26437,228,50,865
26107,40553,37336,1416,260,484
26109,25326,24297,42,35,129
26111,82874,78246,870,1165,1207
26113,14478,14111,13,50,124
26115,145945,137493,2507,934,2626
26117,61266,57207,1255,162,1299
26119,10315,10075,20,13,55
26121,170200,135477,23921,745,5775
26123,47874,44500,458,165,1892
26125,1194156,972063,118407,48231,29327
26127,26873,23020,61,38,3212
26129,21645,20910,10,85,215
26131,7818,7547,0,15,60
26133,23197,22426,79,46,222
26135,9418,9161,7,19,94
26137,23301,22567,31,141,158
26139,238314,210837,2153,5019,17036
26141,14411,14130,15,5,59
26143,25469,24783,43,101,232
26145,210039,151946,38478,1737,14048
26147,164235,153740,3584,419,3643
26149,62422,56901,1540,297,2346
26151,44547,42610,105,134,1179
26153,8903,7878,137,23,75
26155,71687,68969,139,133,1261
26157,58266,55150,644,147,1251
26159,76263,64381,3990,198,5762
26161,322895,245326,38493,19933,8950
26163,2061162,1028164,862281,34916,77501
26165,30484,29448,53,178,321
27001,15301,14656,18,39,113
27003,298084,276231,4509,4988,4805
27005,30000,26737,74,143,160
27007,39650,30237,136,506,386
27009,34226,32628,198,470,332
27011,5820,5735,4,0,10
27013,55941,52768,785,883,836
27015,26911,25968,66,71,587
27017,31671,28913,259,113,315
27019,70205,66261,384,1026,1828
27021,27150,23493,33,81,227
27023,13088,12601,32,26,220
27025,41101,39586,158,278,359
27027,51229,47288,252,394,1853
27029,8423,7594,11,29,47
27031,5168,4622,5,15,28
27033,12167,11556,15,189,299
27035,55099,53618,68,218,365
27037,355904,320576,8014,9091,10192
27039,17731,16966,28,69,550
27041,32821,32237,98,76,156
27043,16181,15370,38,42,596
27045,21122,20834,51,25,99
27047,32584,29997,120,113,2162
27049,44127,42334,262,179,443
27051,6289,6196,3,11,44
27053,1116200,882300,96981,52746,45424
27055,19718,19348,33,91,129
27057,18376,17699,28,66,100
27059,31287,30377,119,87,285
27061,43992,41511,116,85,330
27063,11268,10885,14,185,153
27065,14996,14577,12,52,116
27067,41203,37303,186,109,3240
27069,5285,5105,22,16,68
27071,14355,13730,49,32,70
27073,8067,7965,8,31,19
27075,11058,10784,2,11,38
27077,4522,4377,11,11,18
27079,25426,24083,56,78,946
27081,6429,6372,0,17,34
27083,25425,23354,343,456,1014
27085,34898,33286,53,214,1116
27087,5190,3252,3,49,52
27089,10155,9708,13,35,282
27091,21802,21150,24,156,310
27093,22644,22021,54,63,377
27095,22330,20813,37,60,271
27097,31712,31139,70,113,189
27099,38603,36064,186,469,1568
27101,9165,8909,28,17,144
27103,29771,28424,301,411,511
27105,20832,17319,245,752,2234
27107,7442,6995,11,13,199
27109,124277,110855,3046,5329,2545
27111,57159,55183,207,171,974
27113,13584,13184,36,95,99
27115,26530,24617,328,74,482
27117,9895,9533,13,92,48
27119,31369,29000,135,164,1436
27121,11236,11116,17,26,34
27123,511035,385176,36594,43813,27210
27125,4299,4147,0,11,20
27127,16815,15917,8,69,134
27129,17154,16076,15,29,880
27131,56665,51247,668,885,3055
27133,9721,9416,125,38,69
27135,16338,15564,25,338,67
27137,200528,189227,1756,1491,1655
27139,89498,82864,661,1867,2450
27141,64417,61973,432,374,883
27143,15356,14354,17,40,810
27145,133166,127239,849,1789,1633
27147,33680,31476,296,222,1231
27149,10053,9621,137,65,97
27151,11956,10824,219,123,349
27153,24426,23503,49,100,477
27155,4134,3960,0,13,44
27157,21610,20990,39,99,355
27159,13713,13276,52,81,147
27161,19526,18117,457,67,577
27163,201130,186010,3453,4355,3940
27165,11876,9840,91,96,1785
27167,7138,6919,8,11,124
27169,49985,47550,393,793,687
27171,89986,87564,374,196,1015
27173,11080,10482,21,30,225
28001,34340,15673,17879,295,232
28003,34558,30020,3804,60,390
28005,13599,7622,5820,19,67
28007,19661,11396,7979,11,162
28009,8026,4973,2919,1,92
28011,40633,13445,26557,106,380
28013,15069,10316,4293,8,368
28015,10769,6643,3873,80,109
28017,19440,10868,8122,19,390
28019,9758,6603,3009,0,96
28021,11831,1803,9945,12,51
28023,17955,11441,6181,37,184
28025,21979,9338,12264,22,210
28027,30622,8948,21228,147,226
28029,28757,13623,14741,32,167
28031,19407,12250,6794,12,240
28033,107199,90925,12069,676,2480
28035,72604,46101,24208,626,880
28037,8448,5284,3011,6,93
28039,19144,16976,1831,39,251
28041,13299,9626,3473,16,103
28043,23263,13434,9444,114,70
28045,42967,38370,2939,216,571
28047,189601,136107,39391,4932,4820
28049,250800,93059,152415,1248,1869
28051,21609,4369,16904,18,162
28053,11206,3027,7978,5,119
28055,2274,820,1442,0,3
28057,22770,20912,1462,53,250
28059,131420,97482,26904,1917,2681
28061,18149,8373,9512,11,140
28063,9740,1288,8384,3,43
28065,13962,5746,7942,35,120
28067,64958,45768,17195,147,1301
28069,10453,4123,6035,7,33
28071,38744,27600,9656,449,501
28073,39070,33218,4992,302,292
28075,78161,46640,30266,237,516
28077,13258,8793,4248,38,132
28079,20940,11675,7888,48,393
28081,75755,55299,18417,242,954
28083,37947,11237,25788,155,584
28085,33166,22952,9536,81,333
28087,61586,34502,25478,246,684
28089,74674,44497,28370,585,453
28091,25595,17039,8070,69,230
28093,34993,16773,17620,43,256
28095,38014,25701,11540,112,460
28097,12189,6575,5464,9,117
28099,28684,18845,5682,179,182
28101,21838,14224,6706,79,165
28103,12548,3668,8623,8,141
28105,42902,25120,15974,1077,354
28107,34274,17085,16401,87,456
28109,48621,41098,5977,75,712
28111,12138,9219,2726,56,81
28113,38940,19849,18355,274,326
28115,26726,22341,3772,90,341
28117,25556,21945,3175,58,198
28119,10117,3064,6916,14,57
28121,115327,92473,19331,549,1806
28123,28423,15565,10860,58,1631
28125,6580,1895,4589,23,49
28127,27639,17626,9487,75,297
28129,16182,12267,3625,18,157
28131,13622,10765,2460,26,251
28133,34369,9748,23937,61,383
28135,14903,5862,8798,47,132
28137,25370,17126,7964,48,96
28139,20826,16885,3257,29,516
28141,19163,18161,601,33,283
28143,9227,2478,6448,25,223
28145,25362,20984,3619,153,508
28147,15156,8213,6725,48,111
28149,49644,27085,21192,334,545
28151,62977,21224,40545,250,513
28153,21216,12972,8061,44,35
28155,10294,7925,2207,8,134
28157,10312,3209,7006,0,46
28159,20160,11047,8438,35,381
28161,13051,7844,5039,8,70
28163,28149,11543,15025,76,1352
29001,24977,23726,298,354,298
29003,16492,16057,62,47,228
29005,6430,6204,140,14,24
29007,25853,23445,1696,97,142
29009,34010,31427,53,86,1730
29011,12541,12071,13,20,153
29013,16653,16149,60,74,174
29015,17180,16688,46,9,131
29017,12029,11696,2,11,67
29019,135454,114740,11258,3865,2511
29021,85998,78394,3600,293,2152
29023,40867,37509,2103,224,372
29025,8969,8774,10,12,52
29027,40766,37208,2210,205,392
29029,37051,36003,118,77,225
29031,68693,62972,3648,440,509
29033,10285,9888,139,4,117
29035,5941,5626,7,3,58
29037,82092,77259,1326,327,1605
29039,13733,13239,58,83,59
29041,8438,8129,244,7,23
29043,54285,52380,130,180,639
29045,7416,7297,5,6,27
29047,184006,166549,4447,2153,6364
29049,18979,18182,237,37,244
29051,71397,61750,6844,661,795
29053,16670,14715,1596,36,84
29055,22804,22179,13,53,251
29057,7923,7671,8,10,53
29059,15661,15161,16,23,148
29061,8016,7922,4,4,35
29063,11597,10262,1001,52,100
29065,14927,14471,38,29,139
29067,13084,12608,0,16,111
29069,33155,29007,2936,86,717
29071,93807,90812,840,324,608
29073,15342,15099,16,22,63
29075,6861,6769,7,7,15
29077,240391,222352,4901,2202,4171
29079,10432,10013,6,17,260
29081,8850,8670,27,34,57
29083,21997,21161,219,37,219
29085,8940,8563,1,14,71
29087,5351,5267,0,4,14
29089,10212,9267,640,25,115
29091,37238,35592,87,209,395
29093,10697,10283,150,12,53
29095,654880,443586,149201,8564,34925
29097,104686,95375,1391,598,3891
29099,198099,191889,1274,745,1792
29101,48258,42779,1892,586,1477
29103,4361,4289,13,12,16
29105,32513,31291,97,35,459
29107,32960,31270,712,59,328
29109,35204,33173,44,44,1238
29111,10494,10031,251,27,35
29113,38944,37161,765,39,370
29115,13754,13379,119,26,98
29117,14558,13933,338,23,68
29119,21681,18231,10,53,2047
29121,15762,15161,360,23,75
29123,11800,11514,16,56,42
29125,8903,8619,15,0,73
29127,28289,26331,1190,19,268
29129,3757,3730,0,5,7
29131,23564,22776,44,78,252
29133,13427,10381,2833,51,41
29135,14827,13707,483,54,393
29137,9311,8795,381,30,27
29139,12136,11581,194,96,134
29141,19309,18633,82,20,181
29143,19760,16365,3103,12,151
29145,52636,48765,247,177,996
29147,21912,21125,311,200,101
29149,10344,9692,9,8,102
29151,13062,12869,5,18,35
29153,9542,9212,5,12,110
29155,20047,14154,5392,40,307
29157,18132,17584,30,125,181
29159,39403,35931,1229,143,1367
29161,39825,36821,691,827,490
29163,18351,16109,1532,117,300
29165,73781,66248,2365,1115,2212
29167,26992,26092,92,105,376
29169,41165,31174,4882,889,2465
29171,5223,5147,3,6,35
29173,9626,9408,84,19,47
29175,24663,22122,1529,168,266
29177,23354,22437,290,20,289
29179,6689,6302,43,15,66
29181,13509,13081,6,54,139
29183,283883,266259,6649,2371,4519
29185,9652,9268,9,27,149
29186,17842,17417,140,7,140
29187,55641,53218,1142,255,379
29189,1016315,772793,191420,21472,14517
29195,23756,21006,1126,113,1000
29197,4170,4112,0,2,10
29199,4983,4880,0,8,74
29201,40422,35339,4217,99,381
29203,8324,7984,1,4,49
29205,6799,6663,50,11,28
29207,29705,28701,304,101,164
29209,28658,27855,15,72,199
29211,7219,6542,1,5,631
29213,39703,37609,99,274,774
29215,23003,21887,96,50,242
29217,20454,19768,73,76,171
29219,24525,23209,588,15,350
29221,23344,22132,552,108,189
29223,13259,12918,5,15,38
29225,31045,29615,308,73,364
29227,2382,2348,2,0,4
29229,17955,17302,68,9,214
29510,348189,149553,176782,7065,6745
30001,9202,8656,18,0,213
30003,12671,4472,0,75,518
30005,7009,3694,7,14,112
30007,4385,4204,8,5,58
30009,9552,9265,5,25,117
30011,1360,1341,4,4,0
30013,80357,71918,812,498,1984
30015,5970,5031,3,19,38
30017,11696,11158,0,27,150
30019,2017,1941,0,5,39
30021,9059,8810,46,5,69
30023,9417,8888,13,22,177
30025,2837,2794,9,0,17
30027,11893,11467,48,10,107
30029,74471,70997,65,249,1114
30031,67831,64406,119,693,1213
30033,1279,1270,3,0,6
30035,13247,4753,9,22,128
30037,1042,1028,0,0,9
30039,2830,2657,0,6,32
30041,16673,13175,5,55,155
30043,10049,9566,20,43,148
30045,2329,2280,2,0,23
30047,26507,18809,22,135,643
30049,55716,52503,101,185,848
30051,2158,2140,1,8,2
30053,18837,17953,9,30,215
30055,1977,1893,11,2,24
30057,6851,6556,7,23,104
30059,1932,1878,0,2,31
30061,3884,3662,2,22,69
30063,95802,88969,164,906,1728
30065,4497,4308,0,8,76
30067,15694,15039,46,55,308
30069,493,483,0,0,7
30071,4601,4067,4,34,24
30073,6424,5352,16,16,40
30075,1858,1794,2,5,15
30077,7180,6578,24,20,136
30079,1199,1178,0,2,4
30081,36070,34548,8,75,642
30083,9667,9200,6,0,208
30085,10620,4407,8,74,78
30087,9383,5966,0,50,196
30089,10227,9304,24,52,164
30091,4105,3879,2,7,72
30093,34606,32404,63,78,1117
30095,8195,7817,9,15,165
30097,3609,3488,3,17,54
30099,6445,6156,7,8,78
30101,5267,4921,8,5,34
30103,861,819,2,3,23
30105,7675,6764,7,11,118
30107,2259,2181,2,0,15
30109,1068,1039,0,2,13
30111,129352,117762,447,654,4812
31001,31151,28707,167,641,1292
31003,7452,7355,5,7,37
31005,444,432,0,0,7
31007,819,790,2,0,16
31009,583,581,0,0,0
31011,6259,6162,0,8,59
31013,12158,10690,49,60,950
31015,2438,2414,0,6,0
31017,3525,3472,0,1,28
31019,42259,39497,206,183,1950
31021,7791,7555,4,5,107
31023,8767,8607,2,20,96
31025,24334,23521,46,74,460
31027,9615,9498,4,2,48
31029,4068,3923,9,2,118
31031,6148,5767,9,25,22
31033,9830,9263,0,13,450
31035,7039,6719,6,28,243
31037,10441,7594,0,11,2773
31039,10203,9580,3,13,524
31041,11793,11520,2,6,174
31043,20253,14505,78,497,4573
31045,9060,8387,85,24,306
31047,24365,17760,91,121,6114
31049,2098,2017,2,13,56
31051,6339,5898,0,13,360
31053,36160,34140,229,91,1392
31055,463585,362461,51739,7791,30990
31057,2292,2202,0,27,46
31059,6634,6466,2,10,76
31061,3574,3528,0,1,23
31063,3099,3017,3,10,35
31065,5324,5216,5,9,33
31067,22993,22370,142,48,176
31069,2292,2206,0,14,41
31071,1902,1873,0,2,20
31073,2143,2097,0,4,38
31075,747,733,0,0,11
31077,2714,2685,8,3,16
31079,53534,44825,161,541,7466
31081,9403,9294,19,1,66
31083,3786,3719,23,2,21
31085,1068,1033,0,0,29
31087,3111,2994,3,4,83
31089,11551,11418,0,10,72
31091,783,761,0,0,7
31093,6567,6446,6,11,67
31095,8333,8153,3,2,74
31097,4488,4125,2,114,158
31099,6882,6605,25,23,201
31101,8875,8332,0,43,388
31103,983,959,0,0,24
31105,4089,3844,4,15,131
31107,9374,8581,4,38,73
31109,250291,222097,6851,6685,8532
31111,34632,32237,243,83,1749
31113,774,734,0,0,13
31115,712,698,0,3,11
31117,533,521,0,0,0
31119,35226,31190,285,206,3027
31121,8204,8004,7,2,158
31123,5440,4778,7,7,576
31125,4038,3953,0,8,49
31127,7576,7425,20,48,36
31129,5057,4984,3,9,30
31131,15396,14753,38,36,332
31133,3087,3060,0,0,6
31135,3200,3104,3,6,72
31137,9747,9350,17,24,242
31139,7857,7671,8,18,70
31141,31662,29211,103,129,2010
31143,5639,5572,2,0,40
31145,11448,11061,24,2,259
31147,9531,9111,14,83,42
31149,1756,1710,0,5,11
31151,13843,12569,49,158,879
31153,122595,107006,5189,2226,5227
31155,19830,19359,13,99,185
31157,36951,29484,122,149,6364
31159,16496,16079,39,83,182
31161,6198,5457,5,20,103
31163,3318,3249,2,11,31
31165,1475,1425,0,7,27
31167,6455,6239,4,20,105
31169,6055,5955,1,0,57
31171,729,708,0,0,15
31173,7171,3281,35,31,154
31175,4647,4551,0,5,52
31177,18780,18266,64,77,248
31179,9851,9495,40,30,173
31181,4061,3961,2,30,20
31183,886,870,2,0,7
31185,14598,14078,86,54,258
32001,23982,19161,232,706,2053
32003,1375765,827342,120132,70564,301830
32005,41259,36327,145,443,3031
32007,45291,32873,252,319,8917
32009,971,790,0,1,87
32011,1651,1408,4,26,130
32013,16106,11941,106,51,3065
32015,5794,4349,0,17,1086
32017,4165,3753,77,28,207
32019,34501,28760,117,173,3814
32021,5071,3569,218,15,429
32023,32485,27662,255,235,2686
32027,6693,4664,333,41,1296
32029,3399,3054,0,49,166
32031,339486,247668,6192,14121,56304
32033,9181,7293,419,63,979
32510,52457,41124,806,1020,7459
33001,56325,54445,138,347,366
33003,43666,42765,26,123,212
33005,73825,71919,186,486,464
33007,33111,32411,28,89,172
33009,81743,77611,457,1244,954
33011,380841,351507,4363,7339,11744
33013,136225,131375,877,1134,1077
33015,277359,266243,1481,2935,3503
33017,112233,107253,640,1477,1244
33019,40458,39554,97,189,174
34001,252552,160988,42273,12827,30610
34003,884118,637644,43346,93895,91466
34005,423394,323273,61650,11013,17511
34007,508932,345222,86872,19642,48809
34009,102326,92346,4956,597,3209
34011,146438,85635,28187,1096,27712
34013,793633,298726,318157,29259,122770
34015,254673,218249,21958,4141,6234
34017,608975,214797,73113,56503,242234
34019,121989,112770,2281,2595,3234
34021,350761,225079,67328,17363,34140
34023,750162,463779,63501,103845,102116
34025,615301,495716,47574,23920,38076
34027,470212,385451,11524,29992,36246
34029,510916,459135,13880,6510,25377
34031,489049,251713,60366,18067,146679
34033,64285,51117,9362,359,2358
34035,297490,220274,21440,25018,25868
34037,144166,134707,1287,1612,5030
34039,522541,283293,104380,19179,102851
34041,102437,94564,1895,1212,3619
35001,556678,268967,13539,9574,233527
35003,3543,2699,5,12,668
35005,61382,31849,1160,374,27016
35006,25595,6318,192,146,8441
35007,14189,7116,65,27,6742
35009,45044,26450,2710,1005,13683
35011,2240,1445,0,4,775
35013,174682,56757,1925,1283,110807
35015,51658,29656,773,196,20130
35017,31002,15066,106,75,15153
35019,4680,765,31,3,3792
35021,810,412,0,0,370
35023,5932,2531,9,5,3337
35025,55511,30055,2343,191,21973
35027,19411,13766,57,57,4978
35028,18343,15073,43,785,2158
35029,25016,9992,103,54,14478
35031,74798,9005,305,335,9303
35033,5180,904,8,0,4236
35035,62298,34392,2075,685,19980
35037,10155,5979,64,104,3861
35039,41190,5648,76,32,30060
35041,18018,11315,317,73,6057
35043,89908,45198,1193,727,26426
35045,113801,52587,444,242,16984
35047,30126,5725,208,118,23469
35049,129292,58761,788,878,63461
35051,13270,9366,39,14,3477
35053,18078,6817,75,167,8782
35055,29979,10248,90,74,17388
35057,16911,9709,228,72,6282
35059,4174,2627,0,8,1453
35061,66152,26182,645,229,36363
36001,294565,240921,30606,7864,9271
36003,49927,48158,302,436,393
36005,1332650,194312,415381,37868,645222
36007,200536,181437,6507,5268,4069
36009,83955,78982,835,441,771
36011,81963,75600,2944,343,1741
36013,139750,128574,2730,458,5836
36015,91070,81877,5023,792,1581
36017,51401,49779,356,167,562
36019,79894,73737,2734,712,1754
36021,63094,57565,2715,461,1456
36023,48599,46787,325,91,584
36025,48055,45795,510,284,713
36027,280150,224979,24708,7014,17617
36029,950265,768476,120951,12858,30760
36031,38851,36275,1022,179,856
36033,51134,42680,2906,67,2054
36035,55073,52392,964,240,896
36037,60370,57045,1128,242,724
36039,48195,42719,2540,222,2070
36041,5379,5263,9,5,37
36043,64427,62787,287,247,502
36045,111738,97489,6119,1164,4479
36047,2465326,854653,844568,184498,488163
36049,26944,26445,100,52,133
36051,64328,59828,1678,676,1389
36053,69441,66289,802,473,845
36055,735343,566424,96744,17685,38546
36057,49708,45127,392,351,3438
36059,1334544,986378,129003,62218,133041
36061,1537195,703462,233383,143028,418005
36063,219846,197431,13261,1141,2879
36065,235469,208198,12958,2716,7414
36067,458336,383642,40951,9511,10726
36069,100224,94334,1725,696,2185
36071,341367,265003,24740,5384,39840
36073,44171,38656,2985,95,1747
36075,122377,118029,599,534,1401
36077,61676,58587,1021,302,1106
36079,95745,85774,1179,1115,5973
36081,2229379,732968,419902,392079,556486
36083,152538,138002,7026,2412,2802
36085,443728,316600,39719,24263,53654
36087,286753,205288,29864,16092,29055
36089,111931,104910,2515,655,1923
36091,200635,190358,2508,2176,3000
36093,146555,126516,9065,2844,4620
36095,31582,30077,460,89,546
36097,19224,18403,245,34,193
36099,33342,31195,743,309,640
36101,98726,95033,1040,799,628
36103,1419369,1117720,92351,33875,149422
36105,73966,59092,5765,850,7041
36107,51784,50014,285,349,482
36109,96501,81031,3089,7098,2935
36111,177749,152218,9193,1772,10846
36113,63303,61343,293,504,509
36115,61042,57295,1712,222,1156
36117,93765,87030,2664,380,2218
36119,923459,591526,123312,41260,144550
36121,43424,39343,2361,130,1268
36123,24621,23828,101,79,263
37001,130800,94679,24338,1153,8759
37003,33603,30643,1583,345,715
37005,10677,9881,121,65,454
37007,25275,12472,12383,32,134
37009,24384,23474,235,56,484
37011,17167,15884,588,97,422
37013,44958,30145,13173,116,1223
37015,19773,7116,12343,33,156
37017,32278,18066,12227,22,1178
37019,73143,59277,10524,123,2018
37021,206330,180882,14909,1824,5469
37023,89148,75794,5857,3005,3050
37025,131063,106182,15790,1003,6623
37027,77415,70441,4466,212,1731
37029,6885,5565,1043,0,108
37031,59383,52927,4182,249,929
37033,23501,14285,8593,29,340
37035,141685,116583,11707,3774,7812
37037,49329,35337,8306,242,4813
37039,24298,22808,398,78,199
37041,14526,8746,5469,47,179
37043,8775,8586,11,14,54
37045,96287,73509,19909,773,1083
37047,54749,34405,16985,119,1168
37049,91436,62624,22428,1106,3761
37051,302963,159127,104363,6014,20637
37053,18190,16290,1187,144,223
37055,29967,28019,831,97,551
37057,147246,125909,13443,1259,4935
37059,34835,30886,2356,48,1238
37061,49063,27122,14062,177,7318
37063,223314,107572,86984,7042,16994
37065,55606,21822,32001,121,1483
37067,306067,202388,76684,3157,19687
37069,47260,30323,14062,177,1991
37071,190365,155254,25526,1501,5520
37073,10516,6167,4024,99,21
37075,7993,7259,0,38,133
37077,48498,28718,16621,198,2102
37079,18974,9525,7761,10,1524
37081,421048,264997,121746,9292,16183
37083,57370,24247,30239,375,365
37085,91025,62574,20208,595,5179
37087,54033,51830,815,96,580
37089,89173,80032,2514,435,4882
37091,22601,8371,13519,69,267
37093,33646,14073,12483,472,2357
37095,5826,3614,1968,6,194
37097,122660,99100,16795,1110,4163
37099,33121,28233,517,285,433
37101,121965,91855,19121,498,9014
37103,10381,6267,3723,65,285
37105,49040,32365,10225,214,5665
37107,59648,33046,24044,387,1852
37109,63780,55384,4236,61,3517
37111,42151,38255,1950,395,1081
37113,29811,28510,290,251,435
37115,19635,18929,168,140,237
37117,25593,13215,11720,53,475
37119,695454,425279,191352,20669,44954
37121,15687,15220,54,30,273
37123,26822,17598,5853,360,2729
37125,74769,58983,11575,238,2896
37127,87420,53244,29607,413,2888
37129,160307,126487,26478,1381,3425
37131,22086,8620,13105,32,128
37133,150355,104457,26873,2524,10766
37135,118227,89587,15744,4638,5477
37137,12934,9385,3138,41,203
37139,34897,19715,13832,369,420
37141,41082,29404,9473,129,1521
37143,11368,8050,3134,0,67
37145,35623,24270,10086,94,603
37147,133798,81543,44878,1245,4088
37149,18324,16508,922,27,639
37151,130454,112337,7089,762,8593
37153,46564,29610,14170,225,1111
37155,123339,38049,31351,934,5608
37157,91928,69972,17623,297,2991
37159,130340,101814,20700,778,4892
37161,62899,54132,6817,103,1139
37163,60161,34247,17722,213,6390
37165,35998,18509,13396,221,325
37167,58100,48547,6779,743,1363
37169,44711,41376,2074,121,838
37171,71219,62896,2753,478,4378
37173,12968,8704,264,22,115
37175,29334,27173,1404,114,214
37177,4149,2307,1590,21,195
37179,123677,98742,15276,586,7726
37181,42954,19930,20655,131,1831
37183,627846,438938,122056,20688,34135
37185,19972,7715,10777,73,365
37187,13723,6562,6832,73,159
37189,42695,40658,630,194,591
37191,113329,67789,37372,1078,5300
37193,65632,59847,2791,332,2187
37195,73814,39485,29054,319,4122
37197,36348,32614,1078,41,2432
37199,17774,17061,86,32,504
38001,2593,2526,22,0,5
38003,11775,11522,21,18,41
38005,6964,3558,2,0,56
38007,888,885,0,0,0
38009,7149,6944,0,11,9
38011,3242,3210,4,0,20
38013,2242,2205,2,3,4
38015,69416,65850,197,277,516
38017,123138,116106,1017,1416,1438
38019,4831,4772,5,5,29
38021,5757,5597,7,20,68
38023,2283,2247,0,18,10
38025,3600,3120,2,8,10
38027,2757,2684,0,2,14
38029,4331,4286,2,0,41
38031,3759,3706,6,10,15
38033,1924,1881,0,3,15
38035,66109,60719,867,614,1408
38037,2841,2753,0,9,13
38039,2754,2738,0,3,1
38041,2715,2684,0,2,11
38043,2753,2712,2,0,28
38045,4701,4651,0,0,24
38047,2308,2275,0,18,11
38049,5987,5903,12,2,26
38051,3390,3345,0,6,20
38053,5737,4432,4,35,34
38055,9311,8577,3,7,62
38057,8644,8280,2,11,67
38059,25303,24201,55,30,171
38061,6631,4343,3,35,77
38063,3715,3659,2,13,2
38065,2065,2007,0,4,12
38067,8585,8101,2,18,242
38069,4675,4605,12,5,3
38071,12066,11078,0,27,133
38073,5890,5742,12,5,38
38075,2610,2526,11,11,17
38077,17998,17316,43,49,121
38079,13674,3503,14,148,66
38081,4366,4300,4,0,6
38083,1710,1692,0,0,8
38085,4044,670,2,22,86
38087,767,767,0,0,0
38089,22636,21927,35,42,226
38091,2258,2226,0,0,3
38093,21908,21404,18,46,167
38095,2876,2792,2,0,6
38097,8477,8213,14,16,139
38099,12389,11521,4,7,646
38101,58795,53765,1159,303,1255
38103,5102,5026,22,3,10
38105,19761,18301,15,27,138
39001,27330,26674,6,11,104
39003,108473,91193,13036,525,1538
39005,52523,51105,467,240,314
39007,102728,95428,3020,287,2545
39009,62223,57696,1479,1116,650
39011,46611,45493,74,190,284
39013,70226,66320,2424,194,351
39015,42285,41314,323,89,165
39017,332807,300629,17812,5054,4312
39019,28836,28299,145,34,139
39021,38890,37217,742,47,262
39023,144742,126863,12756,663,1554
39025,177977,171957,1484,1078,1390
39027,40543,38636,852,78,372
39029,112075,106956,2320,325,1283
39031,36655,35539,330,272,159
39033,46966,45607,300,162,405
39035,1393978,919383,377424,25673,46484
39037,53309,52086,169,134,420
39039,39500,35489,608,120,2856
39041,109989,102991,2690,1755,1031
39043,79551,69596,6836,332,1453
39045,122759,115980,3166,849,1220
39047,28433,27064,602,145,281
39049,1068978,795544,186999,32753,24121
39051,42084,39009,96,177,2412
39053,31069,29423,812,204,138
39055,90895,88136,1126,370,618
39057,147886,130693,9085,2883,1889
39059,40792,39022,667,154,229
39061,845303,612104,197071,12586,9143
39063,71295,66870,698,762,2180
39065,31945,30919,222,126,378
39067,15856,15296,316,0,38
39069,29210,27132,104,143,1637
39071,40875,39488,605,175,157
39073,28241,27536,292,63,80
39075,38943,38287,72,53,283
39077,59487,55861,562,150,2121
39079,32641,31472,306,73,388
39081,73894,68041,4190,113,582
39083,54500,52956,439,155,209
39085,227511,214918,3842,2227,3999
39087,62319,59726,1505,213,281
39089,145491,138345,3161,687,940
39091,46005,43845,762,260,367
39093,284664,234677,22837,1715,19358
39095,455054,343116,75829,5255,20658
39097,40213,36706,2383,196,294
39099,257555,205026,39649,970,7584
39101,66217,60770,3511,364,830
39103,151095,145469,1094,1146,1644
39105,23072,22372,138,37,142
39107,40924,40040,59,115,353
39109,98868,94364,1809,834,640
39111,15180,14926,7,20,69
39113,559062,424038,110779,7163,6413
39115,14897,13976,473,23,39
39117,31628,31091,69,32,191
39119,84585,79045,3372,294,416
39121,14058,12951,781,28,111
39123,40985,38740,297,69,1526
39125,20293,19289,206,44,597
39127,34078,33463,90,81,183
39129,52727,48333,2982,168,441
39131,27695,26580,221,97,146
39133,152061,143208,4635,1156,1028
39135,42337,41566,80,155,173
39137,34726,32931,6,73,1494
39139,128852,113094,11332,698,1189
39141,73345,67094,4147,245,588
39143,61792,55050,1667,148,4205
39145,79195,74800,2009,300,476
39147,58683,54914,916,258,2012
39149,47910,45675,881,307,342
39151,378098,339374,26890,1795,3418
39153,542899,450367,70805,7721,4491
39155,225116,201798,17092,971,1762
39157,90914,88474,650,243,458
39159,40909,38928,941,198,306
39161,29659,28582,233,46,554
39163,12806,12480,19,0,77
39165,158383,148528,4303,2167,1463
39167,63251,61223,464,256,263
39169,111564,107397,1350,747,671
39171,39188,37324,300,192,1046
39173,121065,112901,1662,1170,4047
39175,22908,22264,8,117,429
40001,21038,10031,15,3,650
40003,6105,5438,262,1,163
40005,13879,10454,813,6,139
40007,5857,4990,18,5,655
40009,19799,16839,1030,41,1117
40011,11976,8802,757,89,822
40013,36534,28849,536,128,823
40015,30150,19267,937,40,1917
40017,87697,74556,1799,2156,3292
40019,45621,35099,3489,185,1188
40021,42521,23565,403,87,1737
40023,15342,10383,1591,26,240
40025,3148,2598,2,2,499
40027,208016,169446,7152,5833,8332
40029,6031,4494,22,18,183
40031,114996,71214,21579,2360,9692
40033,6614,5482,191,9,316
40035,14950,10202,471,22,128
40037,67367,54755,1888,98,1390
40039,26142,20776,768,192,2289
40041,37077,25727,62,45,867
40043,4743,4310,7,2,124
40045,4075,3867,0,0,97
40047,57813,50219,1800,499,2260
40049,27210,22674,662,37,869
40051,45516,39201,1483,97,1211
40053,5144,4899,2,11,56
40055,6061,4781,467,17,427
40057,3283,2162,335,10,726
40059,3562,3314,0,3,195
40061,11792,9192,92,11,239
40063,14154,10157,635,3,310
40065,28439,20405,2142,337,4426
40067,6818,5703,29,83,486
40069,10513,7945,165,19,280
40071,48080,39758,815,262,2008
40073,13926,12005,216,1,973
40075,10227,8185,486,0,721
40077,10692,7734,101,28,201
40079,48109,37672,900,114,1949
40081,32080,27566,631,93,334
40083,33924,27208,3578,87,926
40085,8831,7191,173,29,609
40087,27740,23688,72,48,1314
40089,34402,23902,3024,47,1146
40091,19456,14041,734,26,199
40093,7545,7057,25,0,311
40095,13184,10062,202,11,1077
40097,38369,27434,112,178,572
40099,12623,10020,197,15,497
40101,69451,43517,8924,340,1915
40103,11411,9798,181,85,139
40105,10569,7558,292,0,118
40107,11814,7676,1194,5,215
40109,660448,442945,97173,17920,56990
40111,39685,27392,4044,62,761
40113,44437,29305,4809,99,1142
40115,33194,24266,193,57,1109
40117,16612,13584,107,47,175
40119,68190,56750,2529,1895,1640
40121,43953,33529,1663,216,1138
40123,35143,26326,835,116,637
40125,65521,51548,1929,372,1399
40127,11667,8987,127,25,214
40129,3436,3089,2,2,75
40131,70641,55677,453,298,1305
40133,24894,17398,1426,104,562
40135,38972,26343,609,68,664
40137,43182,37284,867,99,1794
40139,20107,13403,154,158,5971
40141,9287,6471,648,135,1610
40143,563299,408231,60615,8556,33364
40145,57491,45451,2371,487,1164
40147,48996,39072,1342,333,1070
40149,11508,10418,68,7,518
40151,9089,8307,264,11,231
40153,18486,16729,204,25,866
41001,16741,15929,42,68,322
41003,78153,67739,733,3331,3622
41005,338391,301590,1936,8020,17021
41007,35630,32263,188,337,1641
41009,43560,40557,128,192,994
41011,62779,56599,131,333,1989
41013,19182,17454,0,53,1075
41015,21137,19239,25,166,707
41017,115367,107230,241,598,4366
41019,100399,92395,183,572,2841
41021,1915,1846,2,6,26
41023,7935,7511,0,8,212
41025,7609,6754,7,59,341
41027,20411,14363,19,282,5128
41029,181269,160553,719,1379,12066
41031,19009,12286,12,105,3351
41033,75726,69207,114,393,3210
41035,63775,53539,257,448,4967
41037,7422,6634,2,51,360
41039,322959,286042,2369,6042,14488
41041,44479,39245,93,297,2099
41043,103069,93984,204,774,4266
41045,31615,21710,425,496,8110
41047,284834,217939,2218,4746,49005
41049,10995,7817,17,56,2685
41051,660486,505016,35125,36936,49474
41053,62380,53414,168,771,5517
41055,1934,1750,6,11,90
41057,24262,22188,23,122,1229
41059,70548,54701,591,492,11392
41061,24530,22945,111,223,568
41063,7226,7035,0,2,54
41065,23791,19957,99,212,2214
41067,445342,346419,4225,29580,49476
41069,1547,1461,2,0,52
41071,84992,71789,551,857,8980
42001,91292,85542,994,639,3270
42003,1281666,1074037,156917,20736,11617
42005,72392,70899,636,203,213
42007,181412,167086,10475,451,1372
42009,49984,49161,123,91,236
42011,373638,317659,11734,3532,36096
42013,129144,125645,1262,562,465
42015,62761,61394,149,197,306
42017,597635,545162,17811,14049,13820
42019,174083,169722,1113,942,1208
42021,152598,145455,4335,560,1151
42023,5974,5913,16,3,20
42025,58802,57048,336,145,884
42027,135758,123267,3302,5308,2305
42029,433501,378282,25562,8667,16016
42031,41765,40906,236,160,124
42033,83382,80913,1225,268,406
42035,37914,37160,236,136,143
42037,64151,62410,557,295,492
42039,90366,87190,1304,288,611
42041,213674,199618,4992,3431,2986
42043,251798,190620,40840,4997,10713
42045,550864,438290,78461,18187,7998
42047,35112,34617,31,198,101
42049,280843,252079,16746,1745,6165
42051,148644,141241,5087,256,412
42053,4946,4697,108,12,42
42055,129313,122106,2919,898,2251
42057,14261,14005,83,24,28
42059,40672,38330,1589,102,380
42061,45586,42362,2316,110,514
42063,89605,86501,1495,652,463
42065,45932,45219,32,167,149
42067,22821,22233,51,82,347
42069,213295,205041,2323,1806,2695
42071,470658,420994,11421,6515,26451
42073,94643,89391,3548,293,496
42075,120327,111231,1017,1108,6016
42077,312090,259812,9120,6810,31811
42079,319250,306038,5287,1529,3912
42081,120044,112316,4977,488,915
42083,45936,43854,877,162,590
42085,120293,111455,6056,671,996
42087,46486,45716,221,87,248
42089,138687,117884,7746,1395,9183
42091,750097,640575,54686,29381,15463
42093,18236,17615,119,228,205
42095,267066,235408,6723,3724,17708
42097,94556,91203,1360,369,968
42099,43602,42805,126,128,269
42101,1517550,645973,644409,64509,128300
42103,46302,41607,1355,323,2267
42105,18080,17628,53,122,96
42107,150336,144483,3141,553,1545
42109,37546,36647,287,80,394
42111,80023,77575,1351,167,580
42113,6556,6232,137,4,56
42115,42238,41423,121,105,260
42117,41373,40439,225,107,204
42119,41624,36459,2619,354,1721
42121,57565,56125,618,58,306
42123,43863,43274,41,108,147
42125,202897,192657,6493,623,922
42127,47722,45764,708,182,720
42129,369993,356293,7164,1724,1884
42131,28080,27531,115,88,178
42133,381751,349781,12991,3101,11311
44001,50648,48668,299,414,661
44003,167090,158180,1321,2171,2746
44005,85433,77033,3210,921,2250
44007,621602,458796,35067,18106,83004
44009,123546,115988,1126,1909,1791
45001,26167,17849,7877,50,215
45003,142552,100438,36000,935,3087
45005,11211,3011,7914,22,204
45007,165740,134107,27703,836,1599
45009,16658,6083,10343,13,137
45011,23478,12888,10127,86,142
45013,120937,81776,28421,1014,8140
45015,142651,95324,37227,2880,3834
45017,15185,7505,7298,31,196
45019,309969,189148,105202,3476,7795
45021,52537,40050,11026,59,790
45023,34068,20298,13113,111,244
45025,42768,27211,14173,140,779
45027,32502,14443,17278,121,475
45029,38264,20993,16254,68,451
45031,67394,38119,27829,285,672
45033,30722,15311,13856,62,505
45035,96413,67658,24004,1254,1704
45037,24595,13674,10158,122,407
45039,23454,9177,13980,9,157
45041,125761,73198,49242,1010,1157
45043,55797,32964,21465,134,855
45045,379616,287093,69036,4788,14015
45047,66271,42506,20768,422,1859
45049,21386,8803,11931,33,468
45051,196629,157151,30140,1542,4959
45053,20678,8477,10638,92,1150
45055,52647,37253,13812,180,852
45057,61351,43327,16470,140,901
45059,69567,49404,18118,95,1189
45061,20119,6947,12504,15,607
45063,216014,179424,26983,1945,4848
45065,9958,4448,5349,5,93
45067,35466,14596,19924,39,642
45069,28818,12785,14608,141,152
45071,36108,22327,11896,28,1613
45073,66215,58312,5382,264,1478
45075,91582,33754,55738,233,661
45077,110757,99059,7432,1290,1914
45079,320677,157862,143696,5547,8521
45081,19181,11963,5641,39,1399
45083,253791,187832,52115,4101,6972
45085,104646,51782,48730,932,1643
45087,29881,20172,9358,80,151
45089,37217,12110,24698,54,151
45091,164614,125789,31438,1286,3045
46003,3058,2889,27,6,51
46005,17023,16435,64,61,101
46007,3574,1462,19,0,114
46009,7260,6895,64,3,41
46011,28220,27129,80,406,179
46013,35460,33812,128,77,129
46015,5364,4786,0,13,35
46017,2032,339,2,7,43
46019,9094,8570,0,48,309
46021,1782,1766,0,4,0
46023,9350,6428,9,8,184
46025,4143,4086,0,6,11
46027,13537,12530,103,201,111
46029,25897,25016,14,65,255
46031,4181,1563,3,4,75
46033,7275,6759,10,5,100
46035,18741,18095,130,19,112
46037,6267,5665,0,20,11
46039,4498,4382,5,3,43
46041,5972,1445,16,30,56
46043,3458,3395,0,0,18
46045,4367,4333,3,4,17
46047,7453,6649,30,40,102
46049,2640,2604,0,6,6
46051,7847,7716,0,10,34
46053,4792,4436,7,9,42
46055,2196,2114,0,14,3
46057,5540,5414,13,4,42
46059,3741,3702,2,7,12
46061,3139,3118,2,3,5
46063,1353,1319,7,0,7
46065,16481,14644,48,118,207
46067,8075,7950,7,3,29
46069,1671,1567,0,0,0
46071,2930,1451,11,10,8
46073,2295,2284,0,0,7
46075,1193,1141,7,0,0
46077,5815,5706,2,15,32
46079,11276,10906,23,53,140
46081,21802,20578,24,68,442
46083,24131,23495,114,113,157
46085,3895,2551,2,8,1
46087,5832,5728,0,5,53
46089,2904,2887,0,0,2
46091,4576,4207,0,2,29
46093,24253,22262,321,165,435
46095,2083,929,0,3,41
46097,2884,2843,7,1,20
46099,148281,136441,2171,1585,3087
46101,6595,5567,19,67,56
46103,88565,75726,677,891,2335
46105,3363,3236,3,13,3
46107,2693,2662,0,8,2
46109,10016,6851,7,47,42
46111,2675,2584,3,14,41
46113,12466,614,15,48,171
46115,7454,7236,8,5,26
46117,2772,2572,9,12,3
46119,1556,1520,2,4,3
46121,9050,1238,0,24,81
46123,6430,5637,0,3,46
46125,8849,8749,5,8,15
46127,12584,12009,32,216,168
46129,5974,5163,0,14,56
46135,21652,20356,228,75,384
46137,2519,668,0,7,16
47001,71330,66165,2688,513,634
47003,37586,31105,3084,180,2769
47005,16537,15814,404,24,82
47007,12367,11687,410,9,116
47009,105823,99648,3088,638,749
47011,87965,81028,3126,469,1983
47013,39854,38725,75,80,283
47015,12826,12378,130,4,126
47017,29475,25799,2813,50,412
47019,56742,55089,474,97,480
47021,35912,34454,544,60,436
47023,15540,13595,1635,17,54
47025,29862,29041,287,78,144
47027,7976,7689,120,33,46
47029,33565,32001,749,62,261
47031,48014,44428,1565,404,1036
47033,14532,11536,2084,22,776
47035,46802,45605,61,144,594
47037,569891,371994,147135,11630,25597
47039,11731,10910,386,38,270
47041,17423,16323,323,87,501
47043,43156,40202,1938,51,363
47045,37279,31723,4697,112,418
47047,28806,17813,10435,66,186
47049,16625,16439,23,1,118
47051,39270,35948,2028,155,502
47053,48152,37755,9401,107,511
47055,29447,25412,3250,132,280
47057,20659,20238,51,8,250
47059,62909,60102,1338,215,740
47061,14332,14070,9,3,138
47063,58128,51611,2291,252,3268
47065,307896,232792,61586,3828,5329
47067,6786,6573,33,26,30
47069,28105,15937,11296,101,307
47071,25578,24180,754,71,289
47073,53563,51898,835,171,355
47075,19797,9077,10121,23,475
47077,25522,22964,2057,20,195
47079,31115,27582,2884,78,249
47081,22295,20833,986,23,191
47083,8088,7659,194,36,86
47085,17929,16937,482,123,182
47087,10984,10630,2,27,108
47089,44294,42087,1048,84,687
47091,17499,16852,323,31,145
47093,382032,333879,32910,4542,4431
47095,7954,5261,2546,0,61
47097,27101,17169,9384,108,238
47099,39926,38453,585,23,489
47101,11367,10863,171,22,170
47103,31340,28174,2294,94,371
47105,39086,37195,423,80,847
47107,49015,45121,2247,186,823
47109,24653,22489,1425,73,267
47111,20386,19724,14,31,443
47113,91837,59166,29582,548,1502
47115,27776,26195,1174,101,96
47117,26767,23735,2114,18,663
47119,69498,56454,10004,123,2058
47121,11086,10832,144,1,44
47123,38961,36690,910,129,654
47125,134768,95692,25053,2418,7125
47127,5740,5452,218,9,0
47129,19757,18960,439,35,140
47131,32450,28316,3128,59,571
47133,20118,19741,42,65,156
47135,7631,7346,115,0,77
47137,4945,4876,15,0,26
47139,16050,15706,22,12,98
47141,62315,58054,1000,571,1947
47143,28400,26940,557,50,402
47145,51910,49278,1332,239,350
47147,54433,47580,4558,171,1474
47149,182023,153903,16973,3253,5030
47151,21127,20735,4,34,76
47153,11370,11124,14,73,40
47155,71170,68492,512,399,706
47157,897472,415341,433091,14867,22322
47159,17712,16826,424,41,139
47161,12370,11783,73,157,108
47163,153048,147037,2928,585,1065
47165,130449,118177,7588,877,2227
47167,51271,39620,10184,133,546
47169,7259,6240,784,18,152
47171,17667,17100,0,6,417
47173,17808,17520,7,20,63
47175,5508,5433,13,0,20
47177,38276,34685,1141,184,1848
47179,107198,99606,3847,721,1516
47181,16842,15394,1123,24,147
47183,34895,31282,2473,467,320
47185,23102,22133,410,87,210
47187,126638,113870,6833,1497,3124
47189,88809,80653,5685,303,1075
48001,55109,34832,12849,406,6614
48003,13004,7320,284,14,5216
48005,80130,55631,11727,539,11282
48007,22497,16483,250,648,4593
48009,8854,8285,11,16,405
48011,2148,2030,0,0,84
48013,38628,15178,112,137,22673
48015,23590,16947,2471,30,3788
48017,6594,3241,74,0,3147
48019,17645,14905,46,35,2374
48021,57733,37796,4768,204,13848
48023,4093,3540,55,33,374
48025,32359,11299,3210,140,17459
48027,237974,136238,46354,6026,39695
48029,1392931,495275,94147,21729,757004
48031,8418,6910,65,8,1287
48033,729,581,5,4,133
48035,17204,14544,267,19,2121
48037,89306,62750,20716,423,3810
48039,241767,157936,19973,4668,55034
48041,152415,100764,15997,6193,27225
48043,8866,4763,74,31,3876
48045,1790,1316,52,0,407
48047,7976,619,0,0,7338
48049,37674,29792,1476,181,5735
48051,16470,11351,2467,12,2411
48053,34147,28075,423,83,5040
48055,32194,15790,2615,175,13072
48057,20647,10797,426,670,8405
48059,12905,11857,29,28,803
48061,335227,48551,1079,1415,283156
48063,11549,7495,2140,97,1669
48065,6516,5877,22,33,444
48067,30438,23545,5802,53,494
48069,8285,3626,292,0,4294
48071,26031,20298,2494,79,2836
48073,46659,32385,7628,84,6183
48075,7688,4899,1076,48,1562
48077,11006,10343,45,4,338
48079,3730,1827,159,0,1680
48081,3864,3112,44,1,655
48083,9235,7622,172,1,1240
48085,491675,374050,22573,33576,50262
48087,3206,2287,150,20,660
48089,20390,13152,3046,30,4029
48091,78021,58179,629,419,17633
48093,14026,10788,91,58,2954
48095,3966,2247,37,8,1652
48097,36363,30798,1067,99,3570
48099,74978,45283,15633,1269,9391
48101,1904,1360,173,0,360
48103,3996,2087,82,38,1762
48105,4099,1816,5,6,2258
48107,7072,3312,259,18,3454
48109,2975,746,12,25,2152
48111,6222,4245,76,0,1772
48113,2218899,983516,443621,86793,663125
48115,14985,6375,1288,52,7206
48117,18561,7310,310,54,10711
48119,5327,4607,498,14,43
48121,432976,328989,24734,17034,52365
48123,20013,12146,2090,16,5465
48125,2762,1874,215,5,646
48127,10248,1318,130,28,8743
48129,3828,3387,155,7,222
48131,13120,1452,51,4,11566
48133,18297,15724,255,12,1967
48135,121123,61834,5267,845,51344
48137,2162,1170,1,3,986
48139,111360,79608,9549,441,20317
48141,679622,115394,18529,6634,531967
48143,33001,27197,162,264,4943
48145,18576,10352,5075,6,2948
48147,31242,26369,2434,73,1769
48149,21804,17395,1438,30,2759
48151,4344,3246,101,7,943
48153,7771,3885,197,0,3577
48155,1622,1294,40,5,263
48157,354452,163771,69992,38659,74786
48159,9458,8137,372,8,830
48161,17867,12827,3296,36,1507
48163,16252,3386,751,65,12013
48165,14467,8754,453,7,5178
48167,250158,157545,37722,5182,45153
48169,4872,2724,287,0,1810
48171,20814,17199,24,58,3328
48173,1406,964,1,0,420
48175,6928,4116,318,2,2434
48177,18628,9465,1563,22,7429
48179,22744,17683,1279,90,2953
48181,110595,93213,6465,647,7071
48183,111379,76866,22355,644,9873
48185,23552,14766,4647,101,3827
48187,89023,52918,4244,888,29520
48189,36602,16355,2005,323,17565
48191,3782,2407,284,4,1042
48193,8229,7541,0,3,617
48195,5369,3571,0,8,1709
48197,4724,3664,261,22,713
48199,48073,42714,3322,272,1176
48201,3400578,1429684,618551,170080,1120625
48203,62110,42994,14848,177,3354
48205,5537,4284,438,0,763
48207,6093,4579,178,9,1256
48209,97589,62943,3395,788,28738
48211,3351,2752,31,2,506
48213,73277,62135,4767,209,4946
48215,569463,59009,2066,3035,503526
48217,32321,25095,2355,59,4343
48219,22716,13141,771,58,8453
48221,41100,37204,26,118,2872
48223,31960,25976,2373,103,2960
48225,23185,14777,6461,42,1759
48227,33627,19188,1315,127,12630
48229,3344,771,7,3,2523
48231,76596,61167,7053,500,6271
48233,23857,19115,507,49,3451
48235,1771,1311,9,0,437
48237,8763,7418,535,31,694
48239,14391,9526,1090,33,3608
48241,35604,27242,6341,130,1409
48243,2207,1370,12,0,783
48245,252051,130655,84290,7001,26664
48247,5281,472,13,4,4786
48249,39326,8987,181,147,29856
48251,126811,105574,2785,645,15224
48253,20785,13770,2334,31,4385
48255,15446,6283,1612,8,7369
48257,71313,54400,7163,475,7932
48259,23743,19249,16,64,4209
48261,414,58,0,0,356
48263,859,761,10,0,88
48265,43653,33904,701,202,8366
48267,4468,3464,22,15,937
48269,356,331,0,0,22
48271,3379,1593,30,17,1693
48273,31549,8967,1128,352,20685
48275,4253,2809,301,12,1086
48277,48499,39191,6234,164,1715
48279,14709,7490,708,17,6430
48281,17762,14151,547,96,2674
48283,5866,1074,197,58,4534
48285,19210,15507,1299,10,2192
48287,15657,10727,1948,10,2860
48289,15335,12447,1527,17,1206
48291,70154,52397,8818,166,7661
48293,22051,14664,4230,51,2862
48295,3057,2385,5,0,587
48297,12309,7153,304,18,4671
48299,17044,15968,22,23,876
48301,67,55,0,0,12
48303,242628,151592,18550,2923,66568
48305,6550,3409,170,4,2903
48307,8205,5833,104,0,2185
48309,213517,138204,31942,2071,38281
48311,851,547,4,0,293
48313,12940,7726,3015,41,2044
48315,10941,7854,2621,0,153
48317,4746,2669,79,12,1969
48319,3738,2894,8,0,793
48321,37957,19932,4767,846,11881
48323,47297,1503,26,168,45088
48325,39304,19854,761,79,17880
48327,2360,1552,12,4,770
48329,116009,71856,8071,1014,33557
48331,24238,16699,2528,39,4601
48333,5151,4438,41,0,643
48335,9698,5334,1218,9,3038
48337,19117,17710,46,29,1050
48339,293768,238587,9899,3039,37066
48341,20121,10045,69,204,9536
48343,13048,9182,3151,22,451
48345,1426,1170,46,0,193
48347,59203,41576,9701,369,6700
48349,45124,29705,7253,242,7170
48351,15072,11187,3129,58,559
48353,15802,10515,614,55,4409
48355,313645,118136,12661,3400,174743
48357,9006,5997,0,45,2854
48359,2185,1823,37,0,280
48361,84966,72921,7275,684,2978
48363,27026,22268,571,175,3574
48365,22756,17634,4076,80,734
48367,88495,79044,1531,207,6163
48369,10016,4855,114,22,4991
48371,16809,5605,700,63,10268
48373,41133,30681,5167,245,3970
48375,113546,65492,10529,2938,32001
48377,7304,1041,10,24,6191
48379,9139,8219,315,32,417
48381,104312,89417,1356,1101,10719
48383,3326,1531,93,18,1652
48385,3047,2325,3,4,659
48387,14314,10857,2429,31,731
48389,13137,2945,308,93,9668
48391,7828,3689,541,36,3498
48393,887,864,5,2,12
48395,16000,9608,3861,28,2330
48397,43080,35660,1364,670,4795
48399,11495,7750,133,1,3380
48401,47372,33701,9053,130,3934
48403,10469,9108,1080,12,168
48405,8946,6045,2545,4,265
48407,22246,17986,2822,103,998
48409,67138,30784,1885,397,33167
48411,6186,4553,139,30,1340
48413,2935,1584,48,1,1280
48415,16361,10698,860,48,4552
48417,3302,3003,4,6,272
48419,25224,17549,4966,98,2391
48421,3186,2256,10,16,891
48423,174706,118784,33117,1105,19395
48425,6809,5806,10,20,923
48427,53597,847,9,146,52581
48429,9674,7771,320,91,1371
48431,1393,953,0,0,436
48433,1693,1395,63,0,203
48435,4077,1936,5,27,2109
48437,8378,4839,532,0,2963
48439,1446219,895446,180457,50763,285338
48441,126555,92004,8026,1645,22200
48443,1081,512,0,2,555
48445,12761,6319,582,26,5613
48447,1850,1684,0,0,145
48449,28118,16857,2931,69,7986
48451,104010,65541,4410,681,31874
48453,812280,457910,72167,35678,229106
48455,13779,11314,1693,25,561
48457,20871,17373,2457,10,761
48459,35291,29849,3525,81,1336
48461,3404,1852,56,0,1445
48463,25926,8443,59,137,17142
48465,44856,9740,603,270,33978
48467,48140,42556,1256,109,3242
48469,84088,44487,5211,492,32976
48471,61758,37117,14742,394,8660
48473,32663,16351,9458,126,6345
48475,10909,5650,473,1,4626
48477,30373,21480,5437,467,2724
48479,193117,9258,360,749,182296
48481,41188,21914,6018,132,12861
48483,5284,4406,116,5,655
48485,131664,96399,12936,2529,15973
48487,14676,10087,1200,132,3003
48489,20082,2256,424,9,17293
48491,249967,183705,12133,6377,43011
48493,32408,19701,324,148,11823
48495,7173,3815,142,2,3158
48497,48793,42109,402,112,5250
48499,36752,31874,2261,101,1977
48501,7322,3872,38,3,3362
48503,17943,15495,209,29,1884
48505,12182,1797,0,15,10347
48507,11600,862,99,17,10601
49001,6005,5440,12,40,354
49003,42745,38885,78,321,2721
49005,91391,82184,235,1721,5833
49007,20422,17613,41,88,2122
49009,921,841,6,4,64
49011,238994,214408,2468,3442,12780
49013,14371,12861,2,23,455
49015,10860,10065,12,39,503
49017,4735,4514,15,6,88
49019,8485,7544,7,8,464
49021,33779,30941,72,284,1365
49023,8238,7845,30,2,221
49025,6046,5714,10,7,182
49027,12405,11224,2,72,887
49029,7129,6914,2,8,113
49031,1435,1369,2,5,50
49033,1961,1915,0,2,32
49035,898387,726985,7786,22920,106240
49037,14413,5689,15,6,452
49039,22763,20611,81,129,1534
49041,18842,17861,61,24,476
49043,29736,26614,112,224,2364
49045,40735,34668,448,202,4205
49047,25224,21557,2,89,1004
49049,368536,329249,933,3879,25134
49051,15215,14126,10,26,805
49053,90354,82550,101,445,4550
49055,2509,2428,8,2,37
49057,196533,162612,2262,2269,24970
50001,35974,34518,209,238,381
50003,36994,35906,96,134,363
50005,29702,28771,52,95,197
50007,146571,138418,1304,2721,1649
50009,6459,6220,8,16,20
50011,45417,43498,152,105,224
50013,6901,6706,4,10,19
50015,23233,22380,61,113,135
50017,28226,27506,65,71,173
50019,26277,25380,69,138,140
50021,63400,61859,207,211,454
50023,58039,55748,279,256,630
50025,44216,42498,188,253,536
50027,57418,55809,154,446,395
51001,38305,23768,11988,107,2072
51003,79236,66270,7620,2458,2061
51005,12926,12458,328,73,17
51007,11400,8027,3242,28,5
51009,31894,24635,6145,94,446
51011,13705,10376,3119,57,39
51013,189453,114696,17344,15733,35212
51015,65615,62050,2358,128,506
51017,5048,4653,290,16,79
51019,60371,55231,3572,559,240
51021,6871,6497,315,16,28
51023,30496,28864,1118,98,120
51025,18419,7653,10390,109,179
51027,26978,26059,612,55,170
51029,15623,9220,6155,0,64
51031,51078,42337,7468,323,451
51033,22121,13684,7633,107,267
51035,29245,28326,197,63,363
51036,6926,2456,3838,6,19
51037,12472,8090,4219,4,127
51041,259903,195751,45682,6340,7063
51043,12652,11451,854,57,197
51045,5091,5027,13,17,18
51047,34262,26407,5839,332,1042
51049,9017,5390,3359,24,164
51051,16395,16162,50,26,64
51053,24533,15821,8164,63,306
51057,9989,5737,3951,86,20
51059,969749,623434,80251,123176,106862
51061,55139,48028,4517,443,1131
51063,13874,13288,185,21,193
51065,20047,15809,3747,78,196
51067,47286,41725,4458,84,488
51069,59209,55541,1561,513,1006
51071,16657,16083,260,27,137
51073,34780,29704,3339,310,644
51075,16863,12229,4356,99,80
51077,17917,16199,1233,4,319
51079,15244,13757,934,50,242
51081,11560,4453,6949,11,86
51083,37355,22391,14186,99,298
51085,86320,75685,8007,539,941
51087,262300,177643,64056,9186,6063
51089,57930,42110,13198,150,1901
51091,2536,2519,2,0,2
51093,29728,21038,8050,87,271
51095,48102,38911,6791,825,875
51097,6630,4068,2249,0,82
51099,16803,12841,3170,91,348
51101,13146,9636,2875,61,109
51103,11567,8038,3348,49,93
51105,23589,23060,102,68,73
51107,169599,134705,11346,8870,10117
51109,25627,19505,5567,124,135
51111,13146,7666,5063,11,178
51113,12520,10829,1239,28,268
51115,9207,7941,1050,0,78
51117,32380,18993,12554,146,451
51119,9932,7729,1976,23,36
51121,83629,74664,3170,3089,1225
51125,14445,11776,2240,11,306
51127,13462,10738,2252,29,89
51131,13093,6867,5552,24,528
51133,12259,8834,3265,45,26
51135,15725,8918,6405,69,235
51137,25881,21588,3675,58,301
51139,23177,22164,606,48,167
51141,19407,17621,1282,87,287
51143,61745,45905,14576,75,726
51145,22377,18169,3825,49,136
51147,19720,12201,6870,153,137
51149,33047,19464,10503,551,1699
51153,280813,181477,51830,10318,27266
51155,35127,32415,1974,23,195
51157,6983,6400,316,26,144
51159,8809,5572,2861,35,304
51161,85778,80001,2689,988,1140
51163,20808,19767,524,122,174
51165,67725,64118,800,178,2101
51167,30308,28938,889,28,261
51169,23403,22927,204,14,70
51171,35075,32974,466,159,1204
51173,33081,31887,655,32,204
51175,17482,9747,7489,7,75
51177,90395,73437,10655,1281,2351
51179,92446,74042,10829,1475,3181
51181,6829,3170,3499,9,67
51183,12504,4560,7759,19,96
51185,44598,42866,899,221,242
51187,31584,28837,1835,206,366
51191,51103,49585,766,218,156
51193,16718,10731,5301,56,532
51195,40123,38742,631,105,220
51197,27599,26287,728,112,158
51199,56297,44251,7398,1836,1507
51510,128283,68937,27956,6961,18747
51515,6299,4706,1439,32,19
51520,17367,15974,903,72,173
51530,6349,5906,392,13,9
51540,45049,30900,9827,2135,1229
51550,199184,131138,56087,3390,3893
51560,4289,3529,690,11,20
51570,16897,15048,1019,362,293
51580,6303,5278,826,25,88
51590,48411,25795,21294,242,566
51595,5665,2284,3120,14,223
51600,21498,14471,980,2512,2906
51610,10377,8273,256,674,892
51620,8346,3816,4405,18,43
51630,19279,13716,3918,221,919
51640,6837,5553,461,16,759
51650,146437,70792,65152,2495,3871
51660,40468,32542,2320,1249,3513
51670,22354,13689,7287,126,644
51678,6867,5882,705,75,133
51680,65269,43065,19096,960,981
51683,35135,23292,4423,1085,5344
51685,10290,6891,1070,385,1565
51690,15416,8320,6411,69,458
51700,180150,93842,69508,4142,7441
51710,234403,109980,101585,6865,8781
51720,3904,3520,233,42,13
51730,33740,6105,26352,257,607
51735,11566,10995,55,179,137
51740,100565,45574,50388,804,1745
51750,15859,13959,1168,191,230
51760,197790,74796,111997,2383,5239
51770,94911,65104,25319,990,1198
51775,24747,22587,1411,254,240
51790,23853,19868,3172,15,252
51800,63677,33828,27410,533,853
51810,425257,295080,78836,19968,17970
51820,19520,16549,1946,38,619
51830,11998,9360,1716,521,234
51840,23585,18672,2506,301,1508
53001,16428,8294,14,109,7754
53003,20551,19450,21,104,374
53005,142475,116379,1169,2918,18027
53007,66616,51545,114,412,12894
53009,64525,56355,446,870,2189
53011,345238,298602,5055,10599,16091
53013,4064,3666,3,36,269
53015,92948,83501,402,1246,4213
53017,32603,25191,61,222,6490
53019,7260,5506,35,18,126
53021,49347,23329,960,937,23154
53023,2397,2332,0,5,22
53025,74698,48971,589,569,22543
53027,67194,58231,160,572,3244
53029,71558,60936,1714,2825,2961
53031,25953,23667,87,284,455
53033,1737034,1273696,89848,186816,95250
53035,231969,190099,6061,10363,9718
53037,33362,29875,247,563,1668
53039,19161,16260,23,118,1532
53041,68600,62226,223,366,3557
53043,10184,9617,30,18,168
53045,49405,42615,555,460,2358
53047,39564,28267,68,201,5754
53049,20984,18465,29,501,1102
53051,11732,10755,16,85,238
53053,700820,532530,47385,34375,38577
53055,14077,13222,13,69,378
53057,102979,85411,300,1437,11586
53059,9872,9044,21,40,331
53061,606024,505454,9314,35303,27340
53063,417939,374816,6116,7386,11465
53065,40066,35854,76,167,661
53067,207355,172797,4654,9291,9067
53069,3824,3567,7,7,35
53071,55180,43499,853,763,8719
53073,166814,144069,978,4373,8316
53075,40740,35399,588,2208,1263
53077,222581,125664,1685,2002,79952
54001,15557,15156,43,31,47
54003,75905,69757,3519,267,1043
54005,25535,25073,171,36,113
54007,14702,14464,60,5,32
54009,25447,24863,230,51,72
54011,96784,89983,3842,748,591
54013,7582,7390,4,21,82
54015,10330,10102,0,7,14
54017,7403,7186,20,23,42
54019,47579,43767,2451,201,332
54021,7160,6951,70,47,30
54023,11299,11173,72,0,26
54025,34453,32522,1045,53,258
54027,20203,19729,151,46,93
54029,32667,31246,707,82,305
54031,12669,12171,325,0,84
54033,68652,65680,1066,393,746
54035,28000,27662,33,60,62
54037,42190,38007,2312,336,671
54039,200073,180022,13332,1654,1188
54041,16919,16713,6,58,39
54043,22108,21862,8,5,130
54045,37710,36042,933,102,230
54047,27329,23846,3152,22,120
54049,56598,53384,2037,180,451
54051,35519,34665,111,72,218
54053,25957,25428,176,115,91
54055,62980,57862,3725,380,225
54057,27078,25894,800,87,118
54059,28253,27164,672,41,98
54061,81866,75076,2506,1910,941
54063,14583,13487,912,35,26
54065,14943,14550,94,5,160
54067,26562,26191,5,106,106
54069,47427,44522,1621,299,345
54071,8196,7890,181,26,42
54073,7514,7339,31,24,18
54075,9131,8934,90,8,25
54077,29334,28768,100,48,183
54079,51589,50254,332,300,351
54081,79220,70511,6712,656,671
54083,28262,27580,309,87,91
54085,10343,10135,18,15,38
54087,15446,15083,11,54,85
54089,12999,12546,294,11,46
54091,16089,15542,210,21,107
54093,7321,7196,0,0,11
54095,9592,9463,5,10,36
54097,23404,22827,106,75,186
54099,42903,42322,57,92,120
54101,9719,9653,2,23,3
54103,17693,17464,7,6,40
54105,5873,5802,0,12,15
54107,87986,85073,830,395,505
54109,25708,25345,165,7,72
55001,18643,18005,52,90,262
55003,16866,14674,43,74,179
55005,44963,43689,69,138,441
55007,15013,13297,7,53,128
55009,226778,203437,2502,4583,8798
55011,13804,13589,29,25,87
55013,15674,14596,22,40,82
55015,40631,39100,55,684,421
55017,55195,53876,62,469,306
55019,33557,32712,92,79,301
55021,52468,50384,448,177,866
55023,17243,16699,267,47,70
55025,426526,373075,16152,14248,14602
55027,85897,80674,2117,268,1976
55029,27961,27202,36,104,235
55031,43287,41145,198,285,274
55033,39858,38135,73,695,413
55035,93142,88023,450,2323,792
55037,5088,5045,14,4,6
55039,97296,92527,931,578,2003
55041,10024,8567,86,36,162
55043,49597,48461,270,185,318
55045,33647,32904,72,56,281
55047,19105,18519,50,18,398
55049,22780,22442,13,55,70
55051,6861,6744,2,19,16
55053,19100,16980,422,92,341
55055,74021,69849,244,215,2991
55057,24316,23344,60,95,321
55059,149577,127676,7090,1345,10427
55061,20187,19797,4,48,189
55063,107120,100547,916,2842,850
55065,16137,15978,3,30,78
55067,20740,20160,19,95,120
55069,29641,28766,128,135,293
55071,82887,78824,80,1471,1470
55073,125834,118052,260,5127,932
55075,43384,42499,33,116,234
55077,15832,14631,482,23,404
55078,4562,554,18,140,100
55079,940164,585075,227110,22110,82388
55081,40899,39103,203,216,770
55083,35634,34735,48,97,175
55085,36776,35825,73,75,232
55087,160971,149627,868,3620,3255
55089,82317,79082,729,670,1055
55091,7213,7112,7,18,23
55093,36804,35851,108,201,227
55095,41319,40108,68,98,303
55097,67182,63824,230,1293,978
55099,15822,15551,36,18,85
55101,188831,150968,18858,1249,14706
55103,17924,17485,24,22,210
55105,152307,135964,6667,1319,5982
55107,15347,15059,30,32,116
55109,63155,61422,333,263,493
55111,55225,53323,152,209,871
55113,16196,13191,55,82,133
55115,40664,37055,88,162,350
55117,112646,102643,1302,3545,3680
55119,19680,19292,38,26,141
55121,27010,26538,24,26,258
55123,28056,27682,25,33,136
55125,21033,18802,19,172,268
55127,93759,85775,650,548,5991
55129,16036,15488,11,40,160
55131,117493,113723,600,504,1472
55133,360767,340155,2470,4994,8962
55135,51731,50375,109,118,591
55137,23154,22042,25,44,783
55139,156763,147251,1718,2448,3169
55141,75555,72345,300,1160,849
56001,32014,28075,260,537,2356
56003,11461,10486,28,24,674
56005,33698,31524,24,251,1088
56007,15639,12823,130,45,2175
56009,12052,11104,21,19,658
56011,5887,5780,2,3,52
56013,35804,26695,24,73,1486
56015,12538,11235,32,8,1083
56017,4882,4602,7,31,120
56019,7075,6810,18,1,153
56021,81607,67807,1708,783,8920
56023,14573,13962,4,50,325
56025,66533,61005,336,387,3201
56027,2407,2345,0,4,35
56029,25786,24368,31,202,882
56031,8807,8175,0,7,480
56033,26560,25139,26,51,673
56035,5920,5691,11,17,141
56037,37613,32586,299,220,3606
56039,18251,16675,6,90,1192
56041,19742,18129,24,39,1095
56043,8289,7224,7,10,892
56045,6644,6298,8,23,97
72001,19143,73,0,0,19070
72003,42042,278,10,30,41660
72005,64685,946,110,76,63503
72007,29032,154,0,22,28856
72009,26493,121,0,14,26336
72011,28348,234,26,0,28068
72013,100131,738,79,28,99178
72015,19117,232,47,0,18771
72017,22322,129,6,0,22164
72019,28909,130,0,0,28779
72021,224044,2316,383,237,220924
72023,46911,443,16,32,46390
72025,140502,1099,68,29,139126
72027,35244,325,0,0,34905
72029,43335,371,93,6,42824
72031,186076,2437,321,245,182871
72033,30071,186,66,14,29756
72035,47370,340,3,12,46937
72037,18004,2244,672,151,14763
72039,19811,136,0,0,19646
72041,42753,287,35,15,42400
72043,37597,354,21,0,37211
72045,20002,104,0,10,19888
72047,36867,218,0,0,36649
72049,1868,149,0,12,1695
72051,34017,543,28,43,33351
72053,40712,721,143,88,39640
72054,12367,65,10,8,12284
72055,21888,70,11,7,21781
72057,44301,217,58,8,43972
72059,23072,172,12,11,22859
72061,100053,2090,200,199,97451
72063,36743,316,44,18,36331
72065,38925,415,20,8,38431
72067,16614,205,12,5,16392
72069,59035,683,66,44,58141
72071,44444,450,26,9,43941
72073,17318,53,0,0,17265
72075,50531,247,5,6,50249
72077,36452,248,17,13,36159
72079,26261,135,8,20,26090
72081,34415,181,5,0,34229
72083,11061,73,6,6,10976
72085,34485,327,8,25,34117
72087,32537,73,101,0,32308
72089,19817,277,43,34,19459
72091,45409,270,50,5,45078
72093,6449,32,0,0,6417
72095,12741,28,27,0,12686
72097,98434,720,72,114,97405
72099,39697,332,17,15,39317
72101,29965,218,18,0,29719
72103,23753,293,19,10,23410
72105,29709,223,0,0,29486
72107,23844,210,0,0,23600
72109,20152,196,0,0,19956
72111,26719,189,53,0,26464
72113,186475,1707,57,95,184355
72115,25450,222,0,19,25209
72117,14767,244,2,0,14490
72119,52362,411,87,90,51733
72121,25935,144,0,0,25768
72123,31113,186,19,0,30864
72125,37105,273,27,0,36785
72127,434374,6294,1147,625,425519
72129,40997,227,9,20,40725
72131,44204,187,16,0,43994
72133,21665,82,35,6,21527
72135,63929,361,36,60,63432
72137,94085,1081,270,131,92571
72139,75728,781,44,40,74818
72141,35336,203,17,0,35091
72143,37910,224,6,25,37619
72145,61929,535,53,80,61227
72147,9106,163,19,0,8881
72149,27913,144,10,0,27746
72151,39246,282,18,0,38942
72153,46384,340,19,31,45979